sku,stock,date,needs_update
42.ADES.793.100G_10,66,2026-09-28T21:21:10.817305-03:00,True
6.MAOF.PT.25_16,2,2026-09-29T01:25:49.898872-03:00,True
17.VELC.BR.125.60_50,0,2026-09-05T02:02:14.217540-03:00,True
17.VELC.BR.125.100_50,0,2026-09-05T02:02:14.887966-03:00,True
17.VELC.BR.125.120_50,0,2026-09-05T02:02:15.545254-03:00,True
17.VELC.BR.125.150_50,0,2026-03-04T00:54:13.953013-03:00,True
17.VELC.BR.125.180_50,0,2026-03-04T00:54:14.445794-03:00,True
17.VELC.BR.125.220_50,0,2026-02-05T22:58:49.029037-03:00,True
17.VELC.BR.125.320_50,0,2026-02-05T22:58:49.499363-03:00,True
17.VELC.BR.125.400_50,0,2026-09-05T02:02:18.736795-03:00,True
17.VELC.BR.125.600_50,0,2026-03-04T00:54:17.333458-03:00,True
17.VELC.BR.125.80_50,0,2026-09-22T05:00:47.012358-03:00,True
17.VELC.BR.125.1000_50,0,2026-09-05T02:02:20.039918-03:00,True
6.MAOF.PT.30_12,19,2026-09-29T01:35:34.907425-03:00,True
6.MAOF.PT.25_12,0,2026-07-14T06:39:42.713618-03:00,True
34.SUP.INV.30_6,5,2026-09-13T02:58:45.088418-03:00,True
42.KIT.MOV,472,2026-09-29T01:42:28.773207-03:00,True
13.KIT.ROD.35_16,4,2026-09-26T03:46:45.331296-03:00,True
6.BOIA.25A,0,2026-02-05T23:03:16.349705-03:00,True
16.BUCHA.C.6_1000,0,2026-02-05T23:12:43.233035-03:00,True
42.COLA.750G,4,2026-09-29T05:57:36.756079-03:00,True
34.SUP.INV.35_4,5,2026-09-11T04:21:18.315604-03:00,True
8.MOLAP.BR,78,2026-09-29T01:53:15.267797-03:00,True
6.MAOF.BR.30_6,5,2026-09-29T04:54:49.913307-03:00,True
6.MAOF.PT.20_12,32,2026-09-27T02:50:11.756091-03:00,True
6.MAOF.BR.20_6,17,2026-09-29T03:10:56.356729-03:00,True
42.COLA.200G,22,2026-09-29T02:27:55.364093-03:00,True
8.MOLAP.PT,77,2026-09-29T05:58:07.645105-03:00,True
13.KIT.ROD.50_8,1,2026-02-05T23:07:04.913075-03:00,True
13.ROD.COMT.50_10,0,2026-05-16T04:35:38.275242-03:00,True
34.SUP.INV.40_4,6,2026-09-26T07:06:35.065100-03:00,True
42.ADES.793.100G,427,2026-02-05T22:48:02.421233-03:00,True
34.SUP.INV.25_8,4,2026-09-27T05:09:34.546287-03:00,True
13.KIT.ROD.35_4,85,2026-09-28T21:59:30.129735-03:00,True
13.ROD.SEMT.50_4,1,2026-09-29T05:59:05.754949-03:00,True
34.SUP.INV.15_2,8,2026-09-29T05:00:46.874296-03:00,True
34.SUP.INV.40_6,7,2026-09-25T02:25:09.399108-03:00,True
6.SERRA.COP.35,0,2026-02-05T23:10:10.138587-03:00,True
42.COLA.400G,19,2026-09-29T04:49:32.328824-03:00,True
34.SUP.INV.20_6,2,2026-09-29T03:52:21.397708-03:00,True
17.DISC.POL_2,0,2026-03-20T21:00:29.799403-03:00,True
42.KIT.MOV_5,59,2026-09-29T04:50:41.753732-03:00,True
34.SUP.INV.20_10,13,2026-09-26T01:55:38.832059-03:00,True
42.ADES.200.100G_20,7,2026-09-29T06:07:21.323766-03:00,True
8.MOLAP.OU,9,2026-09-29T06:09:28.788518-03:00,True
8.MOLAP.ZN,5,2026-09-27T01:33:42.946173-03:00,True
8.MOLAP.CZ,11,2026-09-27T01:33:45.350780-03:00,True
34.SUP.INV.25_4,13,2026-09-22T20:08:19.813338-03:00,True
34.SUP.INV.15_6,12,2026-09-27T06:03:19.914986-03:00,True
19.REB.MAN,0,2026-05-15T02:22:39.264524-03:00,True
42.HOT.BR.2.5KG,6,2026-09-27T04:16:02.302786-03:00,True
42.ADES.200.100G_10,18,2026-09-29T06:24:54.393817-03:00,True
34.SUP.INV.25_5,12,2026-09-11T07:26:52.642821-03:00,True
34.SUP.INV.25_6,9,2026-09-17T02:13:05.802700-03:00,True
13.ROD.SEMT.35_20,0,2026-09-29T01:13:50.546962-03:00,True
42.ADES.200.100G,194,2026-09-29T02:00:25.279757-03:00,True
34.SUP.INV.30_10,3,2026-09-29T02:06:13.076896-03:00,True
34.SUP.INV.30_4,0,2026-09-26T06:56:18.896914-03:00,True
34.SUP.INV.20_4,8,2026-09-29T06:56:12.426566-03:00,True
13.KIT.ROD.50_6,14,2026-09-26T07:20:38.662869-03:00,True
6.MAOF.PT.20_6,1,2026-09-29T02:31:04.387949-03:00,True
42.ADES.MOV.GEL.100G,21,2026-09-29T02:33:46.279622-03:00,True
