sku;name;last_entry_price;stock;virtual_stock;available_stock;stock_value
14.GAN.LV.ZC;Gancho de Rede Leve | Zincado ;0,0;0;0;0;0,0
1.SUP.TS.PT.20;Suporte Para Trilho Simples | Preto | 20cm;3,13;1;0;1;3,13
37.CAD.CLR.25.PT;Cadeado | Segredo | Colors | 25mm | Preto Fosco;13,31;0;0;0;0,0
31.FERRO.AZ.110;Ferro a Vapor | Iron Steam PRO 127v | Azul;96,34;0;0;0;0,0
13.PIS.CZ.120;Pistão Fit | Cinza | 120N;2,35;3907;152;3755;9181,45
34.SUP.INV.10;Suporte Invisível | 10cm;4,14;40;38;2;165,6
24.CAD.CRO.20;Cadeado | Cromado | 20mm;16,4;0;0;0;0,0
15.TS.PT.100;Trilho Simples | Preto | 100cm;7,34;53;0;53;389,02
13.TRAV.INV.SLIM;Prende Porta | Magnético Slim;8,8;0;0;0;0,0
44.VEDA.I.PT;Veda Fresta | Modelo I | Preto;14,9;36;0;36;536,4
29.SUP.TS.PT.50;Suporte para Trilho | Preto | 50cm ;9,01;114;0;114;1027,1399999999999
38.TAP.AIR.QUAD.16;Tapete Quadrado | 16 x 16;3,19;61;0;61;194,59
34.PIN.3.CR;Pino Metal | 3cm Cromado;10,97;0;0;0;0,0
5.TRAV.BOR.BR;Trava Porta De Borracha | Branco;7,65;0;0;0;0,0
3.LIX.RAT.5.PT;Lixeira de Pia Rattan | 5 Litros | Preta;4,77;0;0;0;0,0
5.GAN.BR.RED;Gancho de Metal | Branco | Redondo;13,79;0;0;0;0,0
6.BROC.SDS.6.160;Broca Concreto SDS Plus | 6.0 x 160mm;2,56;0;0;0;0,0
26.MAND.CHV.ADP;Mandril 13mm + Chave 13mm + Adaptador (Blister);20,2;0;0;0;0,0
6.FLAP.CON.120.115;"DISCO FLAP CON 4-1/2"" - 115MM - GR#120";2,67;230;0;230;614,1
44.VEDA.5MM.CZ;Veda Fresta | 5mm | Cinza;14,63;9;0;9;131,67000000000002
24.FEC.TRT.RED.40;Fechadura | Chave Tetra | Redonda | 40mm;45,41;0;0;0;0,0
17.GRAMP.C.8;"Grampo tipo C | 8"" ";36,01;1;0;1;36,01
17.DISC.DIAM.100;Disco Diamantado Velcro | Grão 100;10,94;2;0;2;21,88
6.CAM.CARR;Camera de Carrinho de Mão;6,73;104;0;104;699,9200000000001
42.COLA.MOV.20G;Adesivo Instantâneo | Moveleiro | 20g;4,56;0;0;0;0,0
4.CAB.TRV.VD;Cabide Trevo Verde;1,86;0;0;0;0,0
27.SAND.LR;Sanduba Nutri | Laranja;10,35;6;0;6;62,099999999999994
42.ADES.793.20G;Adesivo Instantâneo | 793 | 20g;6,07;0;0;0;0,0
39.MAO.RET.40;Mão Francesa Retrátil | 40cm;12,554333333333334;0;0;0;0,0
27.FAQ.RIV.CZ;Faqueiro Rivieria | 24  Peças | Cinza;24,9;22;0;22;547,8
6.DISC.FLAP.120.115;Disco de Lixa Flap - 115mm | Grão 120;2,49;120;0;120;298,8
6.FLAP.CON.60.115;Disco de Lixa Flap Cônico 115mm | Grão 60;2,67;220;70;150;587,4
17.VELC.BR.125.600;Disco de Lixa Pluma | Branco | Grão  600;0,68;280;100;180;190,4
27.LIX.SING.BRC;Lixeira Single 2,5l - Branco Acinzentado;11,99;24;0;24;287,76
50.DISP.COMP.400.AZ;Saboneteira Líquida Compacta 400ml - Glass Azul;19,436666666666667;0;0;0;0,0
42.ADES.MOV.GEL.100G;Adesivo Moveleiro | Gel | 100g;;67;0;67;0,0
39.JG.SOQ.20PC;Jogo de Soquetes | 20 Peças;0,0;0;0;0;0,0
5.VEDA.2MM.MRC;Veda Fresta 2mm - 6 Metros | Marrom Claro;16,79;0;0;0;0,0
32.PROL.REG.20;Prolongador ABS Cromo P/ Registro Deca 20mm;10,89;5;0;5;54,45
51.ROD.BOR.COMT.125;Rodízio Giratório Borracha | 125mm | Com Trava;26,54;145;0;145;3848,2999999999997
6.MAOF.PT.25;Mão Francesa Preto | 25cm;1,84;9185;1968;7217;16900,4
47.DISP.TRI.650.PT;Dispenser Trium | 650ml | Preto;16,18;20;0;20;323,6
27.SAND.PT;Sanduba Nutri | Preta;10,35;6;0;6;62,099999999999994
34.GAN.38;Gancho 3/8 Simples;12,64;6;0;6;75,84
26.ESTNHO.1.40;Estanho de Solda 1,0mm 40g;6,73;65;0;65;437,45000000000005
4.COL.INF.PLA.BR;Colher Infantil Plástico - Branco;0,38;0;0;0;0,0
48.TUC.P.BR;Suporte Tucano | Pequeno | Branco;4,22;123;0;123;519,06
33.TRAV.CPM.ESC;Prendedor de Porta | CPM | Escovado;17,1;0;0;0;0,0
31.PILHA.ZINC.AA;Pilha | Zinco | AA | 04 Peças;1,798;82;0;82;147,436
31.PILHA.ZINC.AAA;Pilha | Zinco | AAA (Palito) | 04 Peças;1,673;66;0;66;110,418
47.DISP.TRI.650.CZ;Dispenser Trium | 650ml | Chumbo;16,18;0;0;0;0,0
50.TOAL.COMP.MR;Toalheiro Compacto - Glass Marrom;19,845;6;0;6;119,07
14.GAN.LV.PT;Gancho de Rede Leve | Preto;0,0;0;0;0;0,0
25.GARR.1.9L;Garrafa Térmica Safira | Inox | 1,9 litros;103,62;0;0;0;0,0
4.BELLA.VD;Bella Bomba Verde;18,3;0;0;0;0,0
27.DISP.SING.MRC;Dispenser Single - Warm Grey;8,47;0;0;0;0,0
17.GRAMP.C.2;"Grampo Tipo C | 2""";8,5;81;0;81;688,5
42.GAN.RET.P;Gancho Topazio | Plástico | P;12,16;0;0;0;0,0
30.ROD.GAME.AM;Rodízio Gamer | SQ55 | HGA | Amarelo;9,05;38;0;38;343,90000000000003
38.ADES.20PC.1CM;Adesivo Protetor | Silicone | 1cm | (20 peças);2,72;0;0;0;0,0
5.ROLIN.80.PT;Veda Porta | Rolinho | 80cm | Preto;12,73;7;0;7;89,11
24.CAD.40;Cadeado | Clássico | 40mm;19,55;0;0;0;0,0
24.CAD.25;Cadeado | Clássico | 25mm;10,17;0;0;0;0,0
37.CAD.CR;Cadeado | Segredo | 25mm | Cromado;9,79;0;0;0;0,0
6.DISC.VELC.150.125;Disco de Lixa Velcro - 125mm | Grão 150;0,36;1270;0;1270;457,2
5.MULT.4MM.PT;Veda Fresta Multiuso | 11 x 4mm | Preto;8,58;0;0;0;0,0
27.LIX.FLAT.2.8.AZ;Lixeira Flat Azul;27,41;0;0;0;0,0
20.FACA.SOB;Faca de Sobremesa | Continental;2,09;0;0;0;0,0
34.PIN.4.PT;Pino Metal | 4cm Preto;10,97;2;0;2;21,94
17.SUP.DUP.17.BR;Suporte Duplo | 17cm | Branco;4,06;240;0;240;974,3999999999999
1.SUP.TV.TRI.26A75;"Suporte para TV | Triarticulado | 26"" a 75""";139,9;3;0;3;419,70000000000005
13.ROD.SEMT.50;Rodizio Transparente | Sem Trava | 50mm;2,76;2517;300;2217;6946,919999999999
17.LONA.8X6;Lona 75G | 8x6 | Azul;136,17;0;0;0;0,0
5.VEDA.2MM.BR;Veda Fresta 2mm - 6 Metros | Branco;16,79;6;0;6;100,74
1.SUP.DUP.BR.27;Suporte Para Trilho Duplo | Branco | 27cm;8,23;0;0;0;0,0
46.LATA.475;Amassador de Latas | 475ml;32,98;0;0;0;0,0
27.FAQ.RIV.VM;Faqueiro Rivieria | 24  Peças | Vermelho;24,9;22;0;22;547,8
17.DISC.DIAM.400;Disco Diamantado Velcro | Grão 400;10,94;0;0;0;0,0
27.POT.FLIP.400;Pote Hermético Flip | 400ml;6,99;0;0;0;0,0
13.CAB.BASC.83;Cabideiro Extensivel Basculante Guarda Roupa | 600/830mm;148,3;0;0;0;0,0
4.TPOR.BR;Trava Porta Prático | Branco ;2,66;0;0;0;0,0
4.TPOR.MR;Trava Porta Prático | Marrom;2,66;0;0;0;0,0
27.ESC.TAP.SING.VD;Escorredor com Tapete | Single | Verde Claro;18,4;0;0;0;0,0
1.SUP.DUP.PT.32;Suporte Para Trilho Duplo | Preto | 32cm;9,36;0;0;0;0,0
17.APLI.SILF.9;"Aplicador de Silicone Fechado | 9""";9,05;0;0;0;0,0
30.ROD.PIN.PT;Rodízio SQ90 | HGA (Com Pino) | Preto;3,86;4;0;4;15,44
23.FEC.YRD.256.TRINC;Fechadura Digital yrd 256 | Modelo trinco lingueta;637,52;1;0;1;637,52
1.TS.BR.50;Trilho Simples | Branco | 50cm;5,9;0;0;0;0,0
7.FIO.10;Passa Puxa Fio | 10 Metros;8,15;0;0;0;0,0
27.DISP.FLAT.500.VM;Dispenser Flat Lgr 500ml - Vermelho;17,47;1;0;1;17,47
17.VELC.BR.125.60;Disco de Lixa Pluma | Branco | Grão  60;0,68;878;100;778;597,0400000000001
6.EST.RASP;Estilete Raspador | 145mm;3,66;76;0;76;278,16
25.AMPO.2.5L;Ampola de reposição | Exclusiva | 2,5l ;75,63;0;0;0;0,0
5.TRAV.BOR.MRC;Trava Porta De Borracha | Marrom Claro;7,65;0;0;0;0,0
17.PULV.PET;Pulverizador Manual | Garrafa Pet;5,65;0;0;0;0,0
29.SUP.TS.BR.15;Suporte para Trilho | Branco | 15cm;3,12;0;0;0;0,0
27.LOUÇA.BASIC.TS;Escorredor de Louça Basic Transparente;27,98;0;0;0;0,0
4.BOMB.VD;Bomba Para Refrigerante - Verde;5,1;0;0;0;0,0
25.MOLA.A530.F4.PT;Mola Aérea A530 Força 4 - 85kg Preto;107,02;0;0;0;0,0
5.TPOR.MAG.PTB;Trava Porta Magnético | Preto Brilhante;20,84;4;0;4;83,36
27.LIX.FLAT.2.8.CZ;Lixeira Flat 2,8l - Cinza;27,07;0;0;0;0,0
3.TABUA;Tábua de Cortes;6,23;0;0;0;0,0
19.ADAP.SOQ;Adaptador Para Soquete | Jogo c/ 3 Peças;9,02;0;0;0;0,0
34.PIN.1.5.PT;Pino Metal | 1,5cm Preto;10,97;1;0;1;10,97
10.TRAV.INX;Batente de Porta | Inox | MAX831;9,22;25;21;4;230,50000000000003
3.LIX.CLK.INX.9;Lixeira | Click Label | Inox ;10,02;0;0;0;0,0
34.GAN.ARG;Gancho Argola para Cortina;0,0;0;0;0;0,0
37.CAD.ECO.30;Cadeado | Zamac | 30mm | E-coat;10,19;3;0;3;30,57
24.CAD.CR30.PT;Cadeado | Com Segredo CR30 | Preto;20,71;0;0;0;0,0
50.TOAL.COMP.VD;Toalheiro Compacto - Glass Verde;19,845;3;0;3;59,535
31.DIS.2P.16A;Disjuntor 2 Polos | 16A;0,0;0;0;0;0,0
27.DISP.SING.BRC;Dispenser Single - Branco Acinzentado;6,49;11;0;11;71,39
47.ORG.25X29X54.MULT;Organizador Clear | Multinível | 25x29-54 | NT;38,78;0;0;0;0,0
42.FITA.DEMARC.PT;Fita de Demarcação | 48 x 15m | Preta;10,73;1;0;1;10,73
37.CAD.VD;Cadeado | Segredo | 25mm | Verde;10,13;0;0;0;0,0
24.CAD.CR30.BR;Cadeado | Com Segredo CR30 | Branco;0,0;0;0;0;0,0
37.FEC.602.03.INX;Fechadura | 601-602/03 | Inox;30,49;0;0;0;0,0
24.MOLA.PPZ.PT;Mola Aérea | PPZ200 | Preto;122,07;0;0;0;0,0
31.PILHA.AA.2700;Pilha Recarregável Roxa | AA (Comum) | 2700 mAh;27,0;0;0;0;0,0
5.TRAV.BOR.CZ;Trava Porta De Borracha | Cinza;7,65;0;0;0;0,0
4.TPOR.BG;Trava Porta Prático | Bege ;2,66;0;0;0;0,0
48.TRAV.INV;Trava Porta | Invisível;18,99;4;0;4;75,96
1.SUP.DUP.BR.17;Suporte Para Trilho Duplo | Branco | 17cm;4,07;0;0;0;0,0
4.CAB.AD.PEX;Cabide Peixe;2,2;0;0;0;0,0
27.DUO.NT;Pote Clear | Duo | Natural;19,94;0;0;0;0,0
4.CAB.AD.GAT;Cabide Gato Preto;2,2;0;0;0;0,0
27.DISP.RJ.VM;Dispenser Romeo e Julieta Vermelho;15,4;0;0;0;0,0
18.CAD.LAT.20;Cadeado | Latão | 20mm;9,61;0;0;0;0,0
24.CAD.45;Cadeado | Clássico | 45mm;23,94;0;0;0;0,0
6.MAOF.PT.20;Mão Francesa Preto | 20cm ;1,53;1716;0;1716;2625,48
20.GARF.MESA;Garfo de Mesa | Continental;1,96;0;0;0;0,0
19.ESTIL.18MM;Estilete | ES218 | 18mm;8,2;0;0;0;0,0
11.PF.4.0.25;Parafuso Chipboard 4,0 x 25mm | 100 Peças;0,018799999999999997;0;0;0;0,0
6.CAD.CHV.120.6;Cadeado P/ Bike | 120cm x 6mm;10,78;0;0;0;0,0
15.SUP.TS.PT.30;Suporte P/ Trilho | Preto | 30cm;3,84;468;0;468;1797,12
6.MAOF.BR.25;Mão Francesa Branca | 25cm;1,84;500;150;350;920,0
50.DISP.COMP.400.VD;Saboneteira Líquida Compacta 400ml - Glass Verde;19,436666666666667;0;0;0;0,0
16.BUCHA.AN.10;Bucha Anel | 10mm;0,03276;0;0;0;0,0
17.VELC.BR.125.80;Disco de Lixa Pluma | Branco | Grão  80;0,68;410;250;160;278,8
42.FEL.QUAD.22MM.16PC;Feltro Quadrado | 22mm | 16 Peças;3,39;0;0;0;0,0
27.TAP.SING.BR;Tapete de Pia | Single | Branco;7,6;0;0;0;0,0
24.MOLA.PPZ65;Mola de Piso | PPZ65 | Inox;163,63;0;0;0;0,0
30.ROD.GAME.AZ;Rodízio Gamer | SQ55 | HGA | Azul;9,5;16;0;16;152,0
17.JOGO.CHV.10;Chave Fenda e Phillips | 10 Peças |;24,53;0;0;0;0,0
19.MAND.13MM;Mandril Aperto Rápido | 13mm (1/2);17,5;0;0;0;0,0
8.MOLA.HID.BR;Mola Automática 453 - Branco;200,38;6;0;6;1202,28
27.POT.FLIP.1.1L;Pote Hermético Flip | 1,1l;13,99;0;0;0;0,0
18.CAD.SEG.20;Cadeado Segredo Pado 20mm;0,0;0;0;0;0,0
19.CORT.TUBO;Cortador de Tubos de PVC;26,0;0;0;0;0,0
11.BROC.MAD.6;Broca para Madeira | 6mm;0,69;2;0;2;1,38
44.VEDA.D.BR;Veda Fresta| Modelo D | Branco;14,9;0;0;0;0,0
28.INT.4.5.ALU;PANELA DE PRESSAO ALUM 4,5L FEC INT POLIDA PANELUX CLASSIC;32,62;0;0;0;0,0
6.MAOF.PT.30;Mão Francesa Preta | 30cm;2,25;4977;132;4845;11198,25
45.GAN.ACE.ESC;Gancho de Rede | Acetinado Escovado;22,69;0;0;0;0,0
6.SACA.4;"Saca Polia | 3 Garras | 4""";0,0;0;0;0;0,0
15.MF.VID.10;Mão Francesa Para Vidro | 10cm;1,26;2;0;2;2,52
27.CUSC.IND;Cuscuzeira | Individual;65,0;0;0;0;0,0
5.GAN.PT.QUAD;Gancho de Metal | Preto | Quadrado;13,79;0;0;0;0,0
27.LIX.TAMPA.4.CZ;Lixeira Tampa Cinza;28,05;0;0;0;0,0
5.TPOR.MAG.PR;Trava Porta Magnético | Prata;22,3;0;0;0;0,0
50.DISP.COMP.400.BR;Saboneteira Líquida Compacta 400ml - Branco;16,903333333333332;0;0;0;0,0
17.SACA.6;Saca Polia Manual 3 Pontas 6 Polegadas 150mm;33,34;7;0;7;233,38000000000002
6.DISC.VELC.40.125;Disco de Lixa Velcro - 125mm | Grão 40;0,38;50;0;50;19,0
27.SAND.BG;Sanduba Nutri | Bege;10,35;6;0;6;62,099999999999994
29.SUP.TS.CZ.20;Suporte Simples 20cm Cinza;2,78;0;0;0;0,0
13.TRAV.PVC;Prende Porta | PVC;3,38;0;0;0;0,0
27.MARM.DIS.AM;Marmita Hermética Nutri Disney - Amarelo;13,34;0;0;0;0,0
20.COL.MESA.EURO;Colher de  Mesa | Linha Euro ;3,24;0;0;0;0,0
33.ROD.PIN.TRV;Rodízio com Pino | Sem Trava;7,9;0;0;0;0,0
4.TPOR.PT;Trava Porta Prático | Preto ;2,66;0;0;0;0,0
17.LONA.5X3;Lona 75G | 5x3 | Azul;41,08;1;0;1;41,08
45.GAN.LAT;Gancho de Rede | Latonado Oxidado;22,69;1;0;1;22,69
11.PF.5.0.40;Parafuso Chipboard 5,0 x 40mm | Caixa master;0,0707;0;0;0;0,0
6.CORD.1.2X8;Corda Elastica - 120cm x 8mm | 4 Pçs;5,05;28;0;28;141,4
41.MINI.R2;Sonoff | Mini R2;38,0;0;0;0;0,0
5.ROLIN.80.MR;Veda Porta | Rolinho | 80cm | Marrom;12,73;2;0;2;25,46
38.ROLO.10X17;Rolo Tira Pelos | 10x17;5,76;0;0;0;0,0
47.DISP.TRI.650.BG;Dispenser Trium | 650ml | Bege;16,18;19;0;19;307,42
27.GRAD.PT;Grade de Pia | Basic | Preto;9,9;0;0;0;0,0
4.CAB.AD.GAT.PT;Cabide Gato Preto;2,2;0;0;0;0,0
36.BUCHA.SFU.10;Bucha SFU 10 | 250 Peças;0,07152;0;0;0;0,0
8.MOLAP.OU;Mola Triunfo 454 - Ouro;37,07;73;9;64;2706,11
34.SUP.INV.15;Suporte Invisível | 15cm;4,49;805;378;427;3614,4500000000003
5.VEDA.4MM.PT;Veda Fresta 4mm - 6 Metros | Preto;16,79;0;0;0;0,0
6.BROC.SDS.4.110;Broca Concreto SDS Plus | 4.0 x 110mm;2,1;0;0;0;0,0
6.TS.BR.50;Trilho p/ Prateleira| Branco | 50cm;3,78;659;0;659;2491,02
47.DISP.FEC.650.BR;Dispenser Fechado | 650ml | Branco;15,57;0;0;0;0,0
6.SUP.TS.BR.20;Suporte Simples | Branco | 20cm;1,72;1692;432;1260;2910,24
3.MLT.5060.PT;MALETA COMBAT 5060 PRETA - 12 - PRIMEIRA MOAGEM;2,18;0;0;0;0,0
4.CAB.LOS.VD;Cabide Losango Verde;1,86;0;0;0;0,0
30.ROD.PIN.PT.CZ;Rodízio SQ90 | HGA (Com Pino) | Preto c/ Cinza;6,04;128;0;128;773,12
17.M14.180;Base Velcro M14 | 180mm;0,0;1;0;1;0,0
24.CAD.CR30.VM;Cadeado | Com Segredo CR30 | Vermelho;0,0;0;0;0;0,0
4.DISP.CZ;Dispenser de Parede Cinza;0,0;0;0;0;0,0
42.HOT.BR.2.3KG;Cola Hot Melt | Branca | 2,3kg;90,94;0;0;0;0,0
15.SUP.TS.BR.15;Suporte P/ Trilho | Branca | 15cm;1,93;165;0;165;318,45
40.ETIQ.10X15;Etiqueta Térmica | 02 Colunas | 100 x 150mm ;12,0;0;0;0;0,0
8.MOLAP.BR;Mola Triunfo 454 - Branco;37,07;727;512;215;26949,89
21.GAN.CRO;Gancho Armador - Cromado ;26,74;0;0;0;0,0
5.TPOR.MAG.MRC;Trava Porta Magnético | Marrom Claro;22,3;0;0;0;0,0
1.SUP.MIC.BR;Suporte Microondas Branco;32,76;0;0;0;0,0
10.KIT.KID;KIT Trava Invisível | Salva Criança;68,0;0;0;0;0,0
31.BAT.9V.250;Bateria Energy  Roxa | 9V Recarregável | 250 mAh;16,32;0;0;0;0,0
6.SUP.TS.BR.30;Suporte Simples | Branco | 30cm;2,58;2414;0;2414;6228,12
17.TRAV.CR;Fixador para Porta Rodapé;7,82;0;0;0;0,0
34.SUP.INV.30;Suporte Invisível |30cm;6,45;332;20;312;2141,4
15.KIT.LAVA.PT;KIT Banheiro Lavabo | Preto;12,86;48;0;48;617,28
37.CAD.CLR.25.AZ;Cadeado | Segredo | Colors | 25mm | Azul;13,31;0;0;0;0,0
35.ROD.LA.SEMT;Rodízio Laranja | RP50 S/ Trava;9,55;2;0;2;19,1
34.SUP.INV.25;Suporte Invisível | 25cm;5,25;727;147;580;3816,75
27.ORG.SING.AM;Organizador Single - Amarelo;6,36;0;0;0;0,0
27.ESC.SING.LS;Escorredor de Louças | Single;9,19;8;0;8;73,52
15.SUP.TS.BR.40;Suporte P/ Trilho | Branca | 40cm;5,02;231;112;119;1159,62
29.TS.CZ.100;Trilho Simples para Cantoneira | Cinza | 100cm;10,05;0;0;0;0,0
21.GAN.INX;Gancho Armador - Inox Polido;33,91;0;0;0;0,0
5.TPOR.MAG.DOF;Trava Porta Magnético | Dourado Fosco;22,97;0;0;0;0,0
4.BELLA.BR;Bella Bomba Branca;18,3;0;0;0;0,0
6.DISC.VELC.180.125;Disco de Lixa Velcro - 125mm | Grão 180;0,36;750;0;750;270,0
15.PRF.VASO.10;PARAF P/VASO SANIT C/BUCH 10X50X75MM C/2;2,54;0;0;0;0,0
24.CAD.CR30.VD;Cadeado | Com Segredo CR30 | Verde;0,0;0;0;0;0,0
27.ESC.INX.16P;Escorredor de louça | Inox | 16 Pratos;79,01;1;0;1;79,01
30.ROD.PIN.CAPA.PT;Rodízio SQ65 | HGA (Com Pino) | C/ Capa Preto;5,91;632;180;452;3735,12
27.MARM.RS;Marmita Hermética Nutri | Rosa;14,0;1;0;1;14,0
6.SUP.TS.BR.25;Suporte Simples | Branco | 25cm;2,29;1701;0;1701;3895,29
51.ROD.BOR.SEMT.125;Rodízio Giratório Borracha | 125mm | Sem Trava;21,0;137;0;137;2877,0
33.ROD.PIN.GEL;Rodízio Sem Pino | Com Trava;6,95;0;0;0;0,0
36.BUCHA.SK44;Bucha Nylon | SK44 | 1 Peça;1,2141;0;0;0;0,0
25.AMPO.1.9L;Ampola de Vidro | Safira | 1,9 litros;50,14;0;0;0;0,0
27.KIT.8POT;Kit 08 Peças | Pote Hermético ;70,0;1;0;1;70,0
7.FIO.30;Passa Puxa Fio | 30 Metros;14,53;0;0;0;0,0
7.FIO.15;Passa Puxa Fio | 15 Metros;0,0;0;0;0;0,0
15.GRAMP.C.3;"Grampo Tipo C Para Marceneiro | 3"" ";6,76;0;0;0;0,0
15.MF.VID.25;Mão Francesa Para Vidro | 25cm;2,9;1;0;1;2,9
13.ROD.COMT.35;Rodizio Transparente | Com Trava | 35mm;2,64;3674;78;3596;9699,36
6.ESTIL.TRAP.18;Estilete Trapezoidal c/ 5 Lâminas;18,44;16;0;16;295,04
17.VELC.BR.125.400;Disco de Lixa Pluma | Branco | Grão  400;0,68;960;100;860;652,8000000000001
13.ROD.SEMT.35;Rodizio Transparente | Sem Trava | 35mm;2,13;2287;278;2009;4871,3099999999995
13.PIS.CZ.100;Pistão Fit | Cinza | 100N;2,75;1099;0;1099;3022,25
44.VEDA.D.PT;Veda Fresta| Modelo D | Preto;14,9;0;0;0;0,0
6.DISC.MET.1.22.115;Diso de Corte | Metal | 115mm;0,82;397;0;397;325,53999999999996
11.BROC.MAD.8;Broca para Madeira | 8mm;0,81;58;0;58;46,980000000000004
14.GAN.LV.BR;Gancho de Rede Leve | Branco;0,0;0;0;0;0,0
17.TD.BR.150;Trilho Duplo para Cantoneira | Branco | 1,5 Metro;0,0;0;0;0;0,0
15.MF.VID.20;Mão Francesa Para Vidro | 20cm;2,22;1;0;1;2,22
13.TRAV.PISO;Prende Porta | De piso;4,79;3;0;3;14,370000000000001
1.SUP.TS.BR.35;Suporte Para Trilho Simples | Branco | 35cm;4,75;0;0;0;0,0
6.GRA.U.12;Grampo U | 1,2x12x6,3mm;4,32;5;0;5;21,6
17.LA.18MM;Lâmina Estilete | 18mm ;2,51;17;0;17;42,669999999999995
1.TD.PT.200;Trilho Duplo | Preto | 200cm;26,98;0;0;0;0,0
18.CAD.LAT.25;Cadeado | Latão | 25mm;11,17;6;0;6;67,02
27.ESC.SING.MRC;Escorredor de Louças | Single | Marrom Claro;15,81;0;0;0;0,0
5.TPOR.MAG.CZ;Trava Porta Magnético | Chumbo;22,3;22;0;22;490,6
19.FER.SOLD.6W;Ferro para Solda | 6W;37,13;0;0;0;0,0
39.MAO.RET.25;Mão Francesa Retrátil | 25cm;7,35425;8;0;8;58,834
29.TS.CZ.150;Trilho Simples para Cantoneira | Cinza | 150cm;14,85;0;0;0;0,0
27.LIX.PRESS.5.BR;Lixeira Press | 5 Litros | Branca;29,86;0;0;0;0,0
27.LOUÇA.BASIC.CZ;Escorredor de Louça Basic Cinza;27,98;0;0;0;0,0
6.BOMB.PER.220;Bomba Periférica 220V;95,54;6;0;6;573,24
34.PIN.4.CR;Pino Metal | 4cm Cromado;10,97;2;0;2;21,94
17.BOMB.54CM;Bomba de encher pneu | 54cm x 3,2cm;45,82;9;0;9;412,38
11.PF.TROA.3.5.50;Parafuso Trombeta | 3.5 x 50mm | Sobrecaixa;0,0668;0;0;0;0,0
47.DISP.PRM.500.PT;Dispenser Premium | 500ml | Preto;17,13;0;0;0;0,0
38.TIMER.OVO.AZ;Timer | Ovos Resina | Azul;3,24;0;0;0;0,0
38.SAB.PLAS;Saboneteira Plástica;2,7;0;0;0;0,0
5.TPOR.MAG.MRE;Trava Porta Magnético | Marrom Escuro;22,3;0;0;0;0,0
18.CAD.20.PT;Cadeado | SM | 20mm | Preto;12,87;0;0;0;0,0
26.FITA.BR;Fita Isolante 18x5m Antichama - Branca;0,79;0;0;0;0,0
3.LIX.CLK.RS.9;Lixeira | Click Label | Inox;8,78;0;0;0;0,0
5.VEDA.6MM.MR;Veda Fresta 6mm - 6 Metros | Marrom;16,79;0;0;0;0,0
29.SUP.TV.10.85.PT;SUPORTE PRETO TV LCD 10 A 85 BRACO ART;39,44;9;0;9;354,96
1.SUP.TS.BR.40;Suporte Para Trilho Simples | Branco | 40cm;8,63;0;0;0;0,0
5.ROLIN.100.MR;Veda Porta | Rolinho | 100cm | Marrom;14,87;5;0;5;74,35
26.VEDA.ROSC.18.5;Veda Rosca 18mm x 5M;0,9;0;0;0;0,0
27.ORG.SING.BR;Organizador Single - Branco ;6,28;0;0;0;0,0
4.ABRI.CZ;Abridor de Pote de Conserva | Cinza;2,09;0;0;0;0,0
27.TAP.SING.MRC;Tapete de Pia | Single | Marrom Claro;10,14;0;0;0;0,0
37.CAD.ECO.35;Cadeado | Zamac | 35mm | E-coat;12,96;0;0;0;0,0
47.ORG.OVO.18UN.TS;Organizador de ovos | Clear Fresh | 18un | NT;24,7;0;0;0;0,0
13.PIS.BR.180;Pistão Fit | Branco | 180N;2,56;989;0;989;2531,84
6.BROC.SDS.14.160;Broca Concreto SDS Plus | 14.0 x 160mm;4,14;0;0;0;0,0
17.CONT.MAN;Contador Numérico | Manual;13,46;0;0;0;0,0
11.PF.3.5.40;Parafuso Chipboard 3,5 x 40mm | 100 Peças;0,0161;0;0;0;0,0
1.TD.BR.150;Trilho Duplo | Branco | 150cm;20,54;0;0;0;0,0
50.TOAL.COMP.AZ;Toalheiro Compacto - Glass Azul;19,845;0;0;0;0,0
36.BUCHA.SFU.8;Bucha SFU 8 | 500 Peças;0,04312;26000;0;26000;1121,12
26.FITA.AM;Fita Isolante 18x5m Antichama - Amarela;1,01;0;0;0;0,0
3.LIX.CLK.VM.9;Lixeira | Click Label | Inox;0,0;0;0;0;0,0
20.COL.MESA;Colher de  Mesa | Continental ;1,71;0;0;0;0,0
1.SUP.TS.PT.30;Suporte Para Trilho Simples | Preto | 30cm;3,43;2;0;2;6,86
48.TRAV.PT;Trava Porta | Preto;10,2;0;0;0;0,0
6.JOGO.7PC;Jogo de Bolso | Chave Allen | 1,5 a 8mm;11,67;0;0;0;0,0
51.ROD.BOR.COMT.75;Rodizio Giratório Borracha Com Trava 3 75mm;15,56;145;0;145;2256,2000000000003
4.ROD.BUC.30.BR;Rodízio 30mm C/ Bucha - Branco;1,91;0;0;0;0,0
42.ADES.SIL.ACE.BR.280G;ADESIVO DE SILICONE ACETICO 280G BRANCO;21,85;83;0;83;1813,5500000000002
34.PIN.4.RS;Pino Metal | 4cm Rose;11,39;0;0;0;0,0
13.ROD.COMT.75;Rodizio Transparente | Com Trava | 75mm;9,26;470;0;470;4352,2
25.MOLA.A530.F2.BR;Mola Aérea A530 Força 2 - Branco;81,81;0;0;0;0,0
24.CAD.40.PR.AZ;Cadeado de Aço Lâminado | 40mm | Prata c/ azul;51,29;5;0;5;256,45
45.DOBR.CR;Dobradiça Aço | Cromada;14,91;0;0;0;0,0
17.VELC.BR.125.120;Disco de Lixa Pluma | Branco | Grão  120;0,68;530;100;430;360,40000000000003
26.KIT.GRAMPE;Kit Grampeador Profissional + 600 Grampos;46,92;0;0;0;0,0
1.PRAT.30.60.BR;Prateleira MDP 30x60 - Branco;12,62;0;0;0;0,0
15.SUP.TS.BR.25;Suporte P/ Trilho | Branca | 25cm;4,06;0;0;0;0,0
2.MOUS.USB.CZ;Mouse Emborrachado USB | MO225 | Cinza;20,67;0;0;0;0,0
17.SUP.DUP.27.PT;Suporte Duplo | 27cm | Preto;6,73;25;0;25;168,25
25.FECH.LIVR.CR;Fechadura Livre/Ocupado - Cromado;20,05;0;0;0;0,0
48.TUC.PP.PT;Suporte Tucano | PP | Preto;3,4;1;0;1;3,4
17.TS.PT.150;Trilho Simples | 150cm | Preto;15,99;0;0;0;0,0
1.TS.PT.200;Trilho Simples | Preto | 200cm;20,0;0;0;0;0,0
47.ORG.OVO.2.2L.TS;Organizador Clear Fresh | 2,2l | NT;0,0;0;0;0;0,0
4.CAB.TRI.AZ;Cabide Triangulo Azul;1,86;0;0;0;0,0
5.NUM.0.ESC;Número Residêncial | Escovado | 0;7,36;2;0;2;14,72
17.NVL.12;"Nível de 12"" - Com 3 bolhas";14,82;2;0;2;29,64
30.ROD.U.TRAV;Rodízio em U Com Trava;0,0;0;0;0;0,0
3.DISP.RAT.PT;Dispenser Porta Detergente Rattan | Preto;4,28;10;0;10;42,800000000000004
17.LONA.4X4;Lona 75G | 4x4 | Azul;43,18;0;0;0;0,0
18.CAD.EXEC.BRA;Cadeado | Executive | Brasil;32,73;0;0;0;0,0
25.TPOR.ECO.INX;Trava Porta Piso Magnético | Eco Inox Escovado;12,66;0;0;0;0,0
33.FUME.ZC.STR.50;Rodízio Fumê | Zincado | Sem Trava | 50mm;5,4;100;0;100;540,0
11.BROC.MAD.10;Broca para Madeira | 10mm;1,57;0;0;0;0,0
31.PILHA.A23;Bateria | Alcalina | A23 | Cartela c/ 5 Peças ;8,35;0;0;0;0,0
46.CJ.SERRA.14;Conjunto de Serra | Tico Tico | 14 Peças;18,33;0;0;0;0,0
10.MF.RET.29;Mão Francesa Retrátil - 290mm (29cm);20,5;0;0;0;0,0
27.DISP.FLAT.500.MRC;Dispenser Flat Lgr 500ml - Warm Grey;17,02;0;0;0;0,0
42.FITA.DEMARC.AZ;Fita de Demarcação | 48 x 15m | Azul;10,73;0;0;0;0,0
17.CAD.TETRA.100;Cadeado Para Moto | Chave Tetra | 100 x 24mm;40,14;0;0;0;0,0
15.TS.BR.200;Trilho Simples | Branco | 200cm;12,99;0;0;0;0,0
6.DISC.FLAP.100.115;Disco de Lixa Flap - 115mm | Grão 100;2,28;537;0;537;1224,36
48.TUC.PP.BR;Suporte Tucano | PP | Branco;3,4;69;0;69;234,6
11.PF.TROA.3.5.35;Parafuso Trombeta | 3.5 x 35mm | 100 Peças;0,0557;0;0;0;0,0
27.LIX.SING.AM;Lixeira Single 2,5l -  Amarelo;12,78;0;0;0;0,0
42.TINT.BRB.350ML;Tinta Aerossol | Branco Brilhante | 350ml;9,77;0;0;0;0,0
3.CX.RAT.BR.20;Caixa Organizadora Branca 20 Litros;0,0;0;0;0;0,0
25.SUP.MOLA.A530.PT;Suporte Mola Aérea A530 P/ Vidro - Preto;31,4;0;0;0;0,0
47.ORG.OVO.21UN.TS;Organizador de Ovos | Roll Clear Fresh | 21un;28,83;0;0;0;0,0
22.TUF.10M;Desentupidor | Tufão | 10 Metros;53,7;1;0;1;53,7
37.CAD.CLR.25.AM;Cadeado | Segredo | Colors | 25mm | Amarelo;11,83;0;0;0;0,0
42.TINT.PTB.350ML;Tinta Aerossol | Preto Brilhante | 350ml;9,77;0;0;0;0,0
27.LIX.TAMPA.4.PT;Lixeira Tampa Preta;25,26;0;0;0;0,0
10.MF.DOB.REF.34;Mão Francesa Dobrável Reforçada - 34cm;49,0;40;0;40;1960,0
15.ESP.1UN;Esponja Multiuso | Fit | 01un;1,64;400;0;400;656,0
5.TPOR.MAG.BR;Trava Porta Magnético | Branco;22,3;37;0;37;825,1
26.FITA.PR;Fita Isolante 18x5m Antichama - Prata;1,01;0;0;0;0,0
50.DISP.COMP.400.MR;Saboneteira Líquida Compacta 400ml - Glass Marrom;19,436666666666667;22;0;22;427,6066666666667
27.TAP.SING.PT;Tapete de Pia | Single | Preto;0,0;0;0;0;0,0
17.DISC.POL;Disco Flap | Polimento ;10,77;134;100;34;1443,1799999999998
42.ADES.SIL.ACE.PT.256G;ADESIVO DE SILICONE ACETICO 256G PRETO;5,09;9;0;9;45,81
5.VEDA.6MM.MRC;Veda Fresta 6mm - 6 Metros | Marrom Claro;16,79;0;0;0;0,0
17.DISC.DIAM.1500;Disco Diamantado Velcro | Grão 1500;10,94;2;0;2;21,88
11.CHV.TOCO;Chave Toco | 3/16;0,79;19;0;19;15,010000000000002
27.LIX.TAMPA.4.MRC;Lixeira Tampa Marrom Claro;25,26;0;0;0;0,0
4.CAB.TRI.BR;Cabide Triangulo Branco;1,86;0;0;0;0,0
19.VASEL.450G;Vaselina Sólida | Industrial | 450g;12,36;0;0;0;0,0
4.SAB.TAR.AZ;Saboneteira Tartaruga Azul;0,0;0;0;0;0,0
15.SUP.TS.PT.25;Suporte P/ Trilho | Preto | 25cm;2,69;90;0;90;242,1
42.BUMP.RED.P.12PC;Bumper Redondo | P | 12 unidades;5,51;0;0;0;0,0
18.CAD.LAT.35;Cadeado | Latão | 35mm;17,44;0;0;0;0,0
24.FEC.ART940B;Fechadura para Gaveteiro | ART 940B0 ;7,28;0;0;0;0,0
19.RISC.145MM;Riscador Tipo Caneta | 145mm;12,25;0;0;0;0,0
15.TD.BR.100;Trilho Duplo para Cantoneira | Branco | 1,0 Metro;8,87;395;0;395;3503,6499999999996
3.COR.ZEB.2;Correte Zebrada | 2 Metros;4,93;0;0;0;0,0
11.CHUMB.5.16;Chumbador C/ Parafuso | 5/16 x 2.1/4 | 100 Peças;0,0;0;0;0;0,0
3.CONE.RET.LA;Cone Retrátil Laranja;0,0;0;0;0;0,0
25.CAFE.9X;Cafeteira italiana | 9 Xícaras;73,77;0;0;0;0,0
37.CAD.ECO.45;Cadeado | Zamac | 45mm | E-coat;16,04;3;0;3;48,12
38.TIMER.OVO.RS;Timer | Ovos Resina | Rosa;3,24;0;0;0;0,0
7.FIO.5;Passa Puxa Fio | 05 Metros;5,97;0;0;0;0,0
24.FEC.MOV;Cilindro de pressão | ART206;13,45;0;0;0;0,0
13.MF.RET.PT.30;Mão Francesa Retrátil | Preta | 30cm;26,85;0;0;0;0,0
27.MARM.MR;Marmita Hermética Nutri | Marrom + Preto;14,34;0;0;0;0,0
18.CAD.25.RS;Cadeado | SM | 25mm | Magenta;14,42;0;0;0;0,0
33.TRAV.CPM.ACE;Prendedor de Porta | CPM | Acetinado;17,1;0;0;0;0,0
19.PINO.25;Pino 25mm | Gpe916 | Tipo F;7,78;0;0;0;0,0
25.MOLA.PISO;Mola De Piso P310 Potencia Fixa F2;137,0;0;0;0;0,0
37.CAD.VM;Cadeado | Segredo | 25mm | Vermelho;9,59;0;0;0;0,0
42.FITA.DEMARC.VD;Fita de Demarcação | 48 x 15m | Verde;10,73;0;0;0;0,0
1.TD.PT.50;Trilho Duplo | Preto | 50cm;8,66;1;0;1;8,66
39.MAO.RET.30;Mão Francesa Retrátil | 30cm;9,28575;0;0;0;0,0
30.ROD.SEM.PT;Rodízio SQ90 | Sem Pino | Preto;2,22;270;0;270;599,4000000000001
48.TUC.G.BR;Suporte Tucano | Grande | Branco;11,64;47;0;47;547,08
42.HOT.TS.2.5KG;Cola Hot Melt | Transparente | 2,5kg;73,3;10;0;10;733,0
22.MAOF.25.BR;Mão Francesa | 25cm | Branca;3,13;0;0;0;0,0
29.TS.CZ.30;Trilho Simples para Cantoneira | Cinza | 30cm;3,13;0;0;0;0,0
17.SUP.DUP.37.PT;Suporte Duplo | 37cm | Preto;9,28;4;0;4;37,12
5.NUM.9.ESC;Número Residêncial | Escovado | 9;7,36;2;0;2;14,72
27.LIX.SING.CZC;Lixeira Single 2,5l - Cinza Claro;11,99;8;0;8;95,92
38.PROT.BR;KIT | 2 Protetores de Parede;2,09;0;0;0;0,0
4.CAB.AD.DOG.PT;Cabide Cachorro Preto;2,2;0;0;0;0,0
27.DISP.RJ.PT;Dispenser Romeo e Julieta Preto;15,4;0;0;0;0,0
1.TS.PT.50;Trilho Simples | Preto | 50cm;5,9;1;0;1;5,9
19.DISC.MAD;Disco para Madeira | DMV110;19,56;0;0;0;0,0
6.SERRA.COP.35;Serra Copo Diamantado;9,75;0;0;0;0,0
30.ROD.PIN.CR.GEL;Rodízio SQ91 | HGA (Com Pino) | Cromado em Gel;13,17;0;0;0;0,0
6.VENT;Ventosa Simples;10,38;61;0;61;633,1800000000001
32.SIF.CANOP.70;Sifão Tubo Extensivo Cromado c/ Canopla | 70cm;21,31;0;0;0;0,0
31.FERRO.GLIDE.110;Ferro a Vapor | Iron Glide | Azul Escuro;76,32;0;0;0;0,0
37.CAD.SEG.40.BR;Cadeado | Segredo | 40mm | Branco;19,75;9;0;9;177,75
5.CAMP.SF.BR;Campainha Sem Fio - Branco;60,11;0;0;0;0,0
36.BUCHA.BLTPCTERRADO;Bucha Bolt 1/4 | Pacote errado, era pra ser comp;0,0;0;0;0;0,0
29.SUP.TS.PT.30;Suporte para Trilho | Preto | 30cm ;3,9;0;0;0;0,0
15.SUP.TS.PT.15;Suporte P/ Trilho | Preto | 15cm;1,93;198;0;198;382,14
24.CAD.30;Cadeado | Clássico | 30mm;11,22;0;0;0;0,0
32.KIT.REG.10.1;KIT Fácil P/ Registro | 10 em 1 | Blister;51,96;0;0;0;0,0
17.MINI.AR;Mini Bomba Ar para Bicicleta;21,51;0;0;0;0,0
20.COL.SOB.EURO;Colher de Sobremesa | Linha Euro;2,97;0;0;0;0,0
10.LED.DOB.CZ;Luz de LED P/ Dobradiça | Cinza;2,5;0;0;0;0,0
5.VEDA.7MM.TS;Veda Fresta 7mm - 6 Metros | Transparente;24,17;0;0;0;0,0
42.HOT.BR.2.5KG;Cola Hot Melt | Branca | 2,5kg;43,88;146;46;100;6406,4800000000005
34.SUP.INV.20;Suporte Invisível | 20cm;4,8;926;140;786;4444,8
39.KIT6A12MM;Jogo SDS | 6mm à 12mm (160mm);0,0;0;0;0;0,0
4.CAB.COR.VD;Cabide Coração Verde;1,86;0;0;0;0,0
42.APLIC.SIL.PT;Aplicador de Silicone | Preto ;12,0;0;0;0;0,0
6.MAOF.BR.20;Mão Francesa Branca | 20cm;1,53;4108;324;3784;6285,24
18.CAD.EXEC.PR;Cadeado | Executive | Prata;24,9;0;0;0;0,0
5.GAN.INX.QUAD;Gancho de Metal | Inox | Quadrado;13,79;0;0;0;0,0
42.DESING.300ML;Desingripante Tekspray | 300ml;8,19;0;0;0;0,0
44.VEDA.E.MR;Veda Fresta | Modelo E | Marrom;14,9;8;0;8;119,2
16.BUCHA.AN.6;Bucha Anel | 6mm;0,01059;7500;0;7500;79,425
50.DISP.COMP.400.PT;Saboneteira Líquida Compacta 400ml - Preto;16,903333333333332;0;0;0;0,0
18.CAD.25.PT;Cadeado | SM | 25mm | Preto;14,42;0;0;0;0,0
38.ESC.INX;Escova Sanitária | Aço Inox;11,49;0;0;0;0,0
33.FUME.PT.STR.50;Rodízio Fumê | Preto | Sem Trava | 50mm;6,33;0;0;0;0,0
45.DOBR.LAT;Dobradiça Aço | Dourado;14,91;0;0;0;0,0
52.PRF.VASO.10;PARAF. SANITARIO LUXO LATONADO BUCHA 10;1,19;0;0;0;0,0
20.GARF.SOB.EURO;Garfo de Sobremesa | Linha Euro;2,97;0;0;0;0,0
24.CAD.50;Cadeado | Clássico | 50mm;25,47;0;0;0;0,0
24.FEC.DIG.SL125;Fechadura Digital de Sobrepor | SL125;397,28;0;0;0;0,0
2.MOUS.USB.RS;Mouse Emborrachado USB | MO223 | Rosa;20,35;0;0;0;0,0
8.DOBR.3.PT;Dobradiça Vai e Vem | 3 Polegadas | Preta;35,43;0;0;0;0,0
24.CAD.CR30.AZ;Cadeado | Com Segredo CR30 | Azul;16,46;0;0;0;0,0
19.FIO.15M;Passa Fio | Alma aço | 15m;0,0;0;0;0;0,0
24.CAD.TRT.50;Cadeado | Tetra-Chave | 50mm;82,47;0;0;0;0,0
27.TRIO.MR;Pote Clear | Trio | Marrom;26,58;0;0;0;0,0
6.SUP.M14;Suporte Disco Lixa Velcro 125mm M14 C/ Adaptador;7,53;0;0;0;0,0
1.SUP.DUP.BR.22;Suporte Para Trilho Duplo | Branco | 22cm;6,46;0;0;0;0,0
42.DUPLA.INT.12MM.20M;Fita Dupla Face |Interna | 12mm x 20m;33,88;0;0;0;0,0
29.TS.PT.150;Trilho Simples para Cantoneira | Preto | 150cm;12,14;0;0;0;0,0
17.VISOR.CR;Olho Mágico Visor P/ Porta C Acabamento Cromado;5,81;9;0;9;52,29
6.DISC.FLAP.40.180;Disco Flap | 180mm | Grão 40;6,01;95;0;95;570,9499999999999
16.BUCHA.AN.5;Bucha Anel | 5mm;0,00893;7250;0;7250;64,7425
4.PCOND.VD;Açucareiro Prático | Verde;6,03;2;0;2;12,06
27.POT.FLIP.1.5L;Pote Hermético Flip | 1,5l;13,99;0;0;0;0,0
27.PIPOC.VM;Pipoqueira Vermelha;74,01;0;0;0;0,0
18.CAD.25.AM;Cadeado | SM | 25mm | Amarelo;14,42;0;0;0;0,0
10.TRAV.MAX002;Batente de Porta | Cromado | MAX 002;9,0;0;0;0;0,0
47.ORG.CEST.5L.TS;Organizador Clear Fresh | Com Cesto | 5l | NT;33,57;0;0;0;0,0
17.TD.PT.100;Trilho Duplo | Preto | 100cm;11,85;0;0;0;0,0
24.CAD.70;Cadeado | Clássico | 70mm;46,38;0;0;0;0,0
17.VELC.BR.125.100;Disco de Lixa Pluma | Branco | Grão  100;0,68;1011;100;911;687,48
48.TUC.G.PT;Suporte Tucano | Grande | Preto;11,67;48;0;48;560,16
24.FEC.DIG.SENHA;Fechadura Digital | Para Móveis e Armários Sobrepor;122,9;0;0;0;0,0
48.TUC.P.PT;Suporte Tucano | Pequeno | Preto;4,22;74;0;74;312,28
27.TAP.SING.VD;Tapete de Pia | Single | Verde Claro;7,6;0;0;0;0,0
38.FORM.QUAD.16;Forma Cozimento | Quadrada | 16cm;8,58;54;0;54;463,32
13.PIS.BR.80;Pistão Fit | Branco | 80N;2,56;34;0;34;87,04
17.LONA.2X2;Lona 75G | 2x2 | Azul;11,38;2;0;2;22,76
22.TUF.5M;Desentupidor | Tufão | 05 Metros;20,4;0;0;0;0,0
27.LIX.SING.BR;Lixeira Single 2,5l  - Branco;12,0;0;0;0;0,0
27.POT.FLIP.2.3L;Pote Hermético Flip | 2,3l;14,99;0;0;0;0,0
24.FEC.POR.100;Fechadura para Portão |100mm | Preto;38,24;0;0;0;0,0
34.SUP.INV.35;Suporte Invisível |35cm;7,8;670;4;666;5226,0
24.CAD.CRO.25;Cadeado | Cromado | 25mm;12,37;0;0;0;0,0
35.ROD.PT.CZ;Rodízio | RD 55 | PU;5,85;0;0;0;0,0
50.PORT.COPO.BR;Dispenser Easy Flex - Branco;0,0;0;0;0;0,0
6.DISC.VELC.60.125;Disco de Lixa Velcro - 125mm | Grão 60;0,38;180;0;180;68,4
17.DISC.DIAM;Disco Diamantado | Ultrafino | Turbo Contínuo;28,58;0;0;0;0,0
15.TD.BR.150;Trilho Duplo para Cantoneira | Branco | 1,5 Metro;5,44;143;0;143;777,9200000000001
17.CHV.6A22;Jogo Chave Combinada 6-22 | 12 Peças;39,79;0;0;0;0,0
37.CAD.CLR.25.VD;Cadeado | Segredo | Colors | 25mm | Verde;11,83;0;0;0;0,0
4.PCOND.VM;Açucareiro Prático | Vermelho;6,03;0;0;0;0,0
45.GAN.ANT;Gancho de Rede | Antique;22,69;0;0;0;0,0
42.DUPLA.INT.25MM.2M;Fita Dupla Face |Interna | 25mm x 2m;14,2;0;0;0;0,0
11.PF.4.0.35;Parafuso Chipboard 4,0 x 35mm | Caixa Master;0,0533;0;0;0;0,0
27.LIX.PRESS.5.PT;Lixeira Press | 5 Litros | Preta;29,86;0;0;0;0,0
27.ESC.INX.12P;Escorredor de louça | Inox | 12 Pratos;69,01;8;0;8;552,08
25.MOLA.A530.F3.PT;Mola Aérea A530 Força 3 - 65kg Preto;92,41;0;0;0;0,0
27.DISP.RJ.TS;Dispenser Romeo e Julieta Transparente;11,83;0;0;0;0,0
27.MARM.PT;Marmita Hermética Nutri | Preta;15,98;4;0;4;63,92
25.CIL.53.CR;Cilindro 53mm | Cromado;11,37;0;0;0;0,0
42.FITA.DEMARC.VM;Fita de Demarcação | 48 x 15m | Vermelho;10,73;10;0;10;107,30000000000001
24.CAD.SMIL;Cadeado | Com Segredo 35mm | Smile;16,62;0;0;0;0,0
9.TRAV.FIX.CR;Trava Porta Adesivo Smartfix - Cromado;22,97;10;0;10;229,7
31.UMID.2LT;Umidificador de Ar | 2 Litros;88,86;0;0;0;0,0
50.TOAL.COMP.BR;Toalheiro Compacto - Branco;17,256666666666668;0;0;0;0,0
37.CAD.CLR.25.LA;Cadeado | Segredo | Colors | 25mm | Laranja;11,83;0;0;0;0,0
23.FEC.DIG.120;Fechadura Digital YDD 120 | Com Senha;490,99;0;0;0;0,0
27.LIX.BASIC.2.5.MRC;Lixeira Basic Marrom Claro;15,11;0;0;0;0,0
24.DOB.INX.VID;Dobradiça Inox | Grande para porta de Vidro;6,65;0;0;0;0,0
3.SAB.PLA.RS;Saboneteira Plástica | Rosa ;0,73;0;0;0;0,0
27.OVAL.BR;Escorredor de Talheres Oval | Branco;9,57;0;0;0;0,0
16.BUCHA.C.6;Bucha Comum| 6mm;0,00807;0;0;0;0,0
13.PIS.BR.40;Pistão Fit | Branco | 40N;2,35;445;0;445;1045,75
38.TAP.PVC;Tapete | Escorredor | PVC;13,5;1;0;1;13,5
15.GRA.PLA.2;Grampo Plástico 2 polegadas;0,0;0;0;0;0,0
27.GRAD.BR;Grade de Pia | Basic | Branco;11,35;0;0;0;0,0
4.ABRI.BR;Abridor de Pote de Conserva | Branco;2,09;0;0;0;0,0
50.DISP.800.PT;Saboneteira Líquida 800ml - Preto;18,731666666666666;0;0;0;0,0
18.CAD.25.VM;Cadeado | SM | 25mm | Vermelho;14,42;0;0;0;0,0
34.PIN.3.PT;Pino Metal | 3cm Preto;10,97;3;0;3;32,910000000000004
22.MAOF.20.BR;Mão francesa | 20cm | Branca;2,7;0;0;0;0,0
42.FEL.QUAD.30MM.12PC;Feltro Quadrado | 30mm | 12 Peças;3,87;0;0;0;0,0
8.DOBR.3.OU;Dobradiça Vai e Vem | 3 Polegadas | Ouro;35,43;2;0;2;70,86
29.TS.PT.100;Trilho Simples para Cantoneira | Preto | 100cm;7,8;8;0;8;62,4
6.DISC.FLAP.80.180;Disco Flap | 180mm | Grão 80;6,16;53;0;53;326,48
5.GAN.PT.RED;Gancho de Metal | Preto | Redondo;13,79;0;0;0;0,0
3.CX.RAT.PT.7;Caixa Organizadora Preta 7 Litros;5,18;0;0;0;0,0
39.TARR.MACH;Jogo de Tarracha + Macho (12 Peças);0,0;1;0;1;0,0
27.SAB.BR;Saboneteira Splash - Branco;0,0;0;0;0;0,0
15.SUP.TS.BR.20;Suporte P/ Trilho | Branca | 20cm;2,95;0;0;0;0,0
1.SUP.DUP.BR.32;Suporte Para Trilho Duplo | Branco | 32cm;10,01;0;0;0;0,0
4.CAB.TRV.AZ;Cabide Trevo Azul;1,86;0;0;0;0,0
33.FUME.PT.CTR.50;Rodízio Fumê | Preto | Com Trava | 50mm;7,42;0;0;0;0,0
11.BROC.MAD.5;Broca para Madeira | 5mm;0,56;10;0;10;5,6000000000000005
17.VELC.BR.125.180;Disco de Lixa Pluma | Branco | Grão  180;0,68;184;100;84;125,12
19.CINTA.800KG;Cinta para Carga | 800kg;27,05;0;0;0;0,0
31.BAT.LR44.10;Bateria | Alcalina | LR44 | Blister 10 Peças;2,4;0;0;0;0,0
20.ESPA.2.5;Espátula Curva | Inox | 2,5;9,44;12;0;12;113,28
42.AD.GOTA.25;Adesivo Bumper Gota Anti-Impacto Gota - 25 Unidades Tekbond;0,0;0;0;0;0,0
31.PILHA.AA.ALCA;Pilha | Alcalina | AA | Blister c/ 4 Peças;4,24;0;0;0;0,0
35.ROD.LA.FIXO;Rodízio Laranja | RP50 Fixo;7,7;0;0;0;0,0
15.TD.PT.200;Trilho Duplo | Preto | 2 Metros;17,28;51;0;51;881,2800000000001
27.LOUÇA.SING.AZ;Escorredor de Louça Single - Azul;15,81;0;0;0;0,0
27.ESC.TAP.SING.BRC;Escorredor com Tapete | Single | Branco Acinzendado;0,0;0;0;0;0,0
10.FECHO.ZC;Fecho Rolete | Zincado;0,94;0;0;0;0,0
24.CAD.CAV;Cadeado Fashion | Caveira;16,62;0;0;0;0,0
27.LIX.BASIC.2.5.PT;Lixeira Basic Preta;14,13;0;0;0;0,0
42.DUPLA.INT.12MM.2M;Fita Dupla Face |Interna | 12mm x 2m;7,88;0;0;0;0,0
8.DOBR.3.CZ;Dobradiça Vai e Vem | 3 Polegadas | Cinza;35,43;0;0;0;0,0
50.PORT.COPO.PT;Dispenser Easy Flex - Preto;0,0;0;0;0;0,0
11.BROC.MAD.4;Broca para Madeira | 4mm;0,47;0;0;0;0,0
3.EST.8002;Estojo Organizador Double Case | 8002;2,84;0;0;0;0,0
20.KIT4.ESPA;KIT 04 Espatula | Aço Inox;7,86;0;0;0;0,0
13.FECH.16.31;Fechadura c/ Batente | 16 x 31;3,18;0;0;0;0,0
27.LOUÇA.BASIC.MRC;Escorredor de Louça Basic Marrom Claro;27,98;0;0;0;0,0
42.GAN.BR.G;Gancho Ambar Branco | G;14,15;0;0;0;0,0
1.SUP.MIC.PT;Suporte Microondas Preto;32,76;0;0;0;0,0
47.ORG.OVO.5L.TS;Organizador Clear Fresh | 5l | NT;29,7;3;0;3;89,1
29.TS.BR.100;Trilho Simples para Cantoneira | Branco | 100cm;7,34;0;0;0;0,0
13.PIX.3T;Torre De Tomada | 03 Tomadas;107,13;0;0;0;0,0
11.BROC.MAD.3;Broca para Madeira | 3mm;0,34;0;0;0;0,0
27.SAB.CR;Saboneteira Splash - Cristal;6,87;0;0;0;0,0
13.FECH.16.22;Fechadura c/ Batente | 16 x 22;2,92;0;0;0;0,0
8.DOBR.4.ZC;Dobradiça Vai e Vem | 4 Polegadas | Zincada;40,21;0;0;0;0,0
27.LIX.SING.AZ;Lixeira Single Azul;12,15;0;0;0;0,0
3.TAP.TS;Tapete Transparente para Banheiro;12,51;0;0;0;0,0
6.SACA.8;"Saca Polia | 3 Garras | 8""";33,92;0;0;0;0,0
18.CAD.LAT.45;Cadeado | Latão | 45mm;23,97;0;0;0;0,0
6.TS.BR.200;Trilho p/ Prateleira | Branco | 2 Metros;11,75;503;0;503;5910,25
13.PIS.CZ.180;Pistão Fit | Branco | 120N;0,0;48;0;48;0,0
11.PF.3.5.14;Parafuso Minichip 3,5 x 14mm | 100 Peças;0,018799999999999997;0;0;0;0,0
36.BUCHA.BLT;Bucha Bolt 1/4 | Unidade;1,8857;0;0;0;0,0
28.EXT.4.5.MR;PANELA DE PRESSAO ALUM 4,5L FEC EXT AA Marrom;95,56;0;0;0;0,0
45.GAN.CR;Gancho de Rede | Cromado;22,69;0;0;0;0,0
25.MOLA.A530.F3.PR;Mola Aérea A530 Força 3 - 65kg Prata;84,68;0;0;0;0,0
6.GRA.TAP.10;Grampo para Grampeador | 10mm;2,03;0;0;0;0,0
6.DISC.CONT;Disco Diamantado Contínuo 110mm Corte A Seco;5,86;0;0;0;0,0
3.SAB.PLA.AZ;Saboneteira Plástica | Azul ;0,73;0;0;0;0,0
4.PCOND.AM;Açucareiro Prático | Amarelo;6,03;0;0;0;0,0
45.DOBR.ANT;Dobradiça Aço | Antique;14,91;0;0;0;0,0
20.ESPA.3;Espátula Curva | Inox | 3;9,96;0;0;0;0,0
38.TERMO.INX;Termômetro | Forno | Aço Inox;8,38;0;0;0;0,0
27.LIX.TAMPA.4.BR;Lixeira Tampa Branca;25,26;0;0;0;0,0
24.FEC.BIO.PT;Fechadura Eletronica | Biométrica | Preto;153,98;0;0;0;0,0
3.CX.RAT.BR.40;Caixa Organizadora Branca 40 Litros;0,0;0;0;0;0,0
18.CAD.LAT.40;Cadeado | Latão | 40mm;19,68;0;0;0;0,0
27.SAND.DIS.VM;Sanduba Nutri Disney - Vermelho;6,66;0;0;0;0,0
6.MAND.APR.13;Mandril Aperto Rápido 13mm | 1/2;15,35;0;0;0;0,0
27.ORG.SING.VM;Organizador Single - Vermelho;6,28;0;0;0;0,0
1.TD.BR.100;Trilho Duplo | Branco | 100cm;13,55;0;0;0;0,0
37.CAD.ECO.25;Cadeado | Zamac | 25mm | E-coat;9,32;0;0;0;0,0
20.FACA.MESA.EURO;Faca de Churrasco | Linha Euro;3,57;0;0;0;0,0
27.MARM.DIS.RS;Marmita Hermética Nutri Disney - Rosa;13,34;0;0;0;0,0
37.CAD.DO;Cadeado | Segredo | 25mm | Dourado;8,67;0;0;0;0,0
31.FERRO.RX.110;Ferro a Vapor | Iron Light 127v | Roxo;54,88;0;0;0;0,0
29.SUP.TS.CZ.30;Suporte Simples 30cm Cinza;4,1;0;0;0;0,0
29.TS.BR.30;Trilho Simples para Cantoneira | Branco | 30cm;3,13;0;0;0;0,0
30.ROD.38X38.PT;Rodízio SQ40 | HC 38x38 | Preto;2,43;0;0;0;0,0
4.CAB.AD.VAC;Cabide Vaca;2,2;0;0;0;0,0
6.DISC.24D;Disco de Serra Circular 20x110 - 24 Dentes ;6,14;0;0;0;0,0
20.ESPA.5;Espátula Curva | Inox | 5;10,22;0;0;0;0,0
45.GAN.PT;Gancho de Rede | Preto;22,69;0;0;0;0,0
29.SUP.TS.BR.40;Suporte para Trilho | Branco | 40cm;5,75;0;0;0;0,0
42.FITA.18.50;Fita Crepe | 18 x 50m;2,99;0;0;0;0,0
27.CJ.PAN.5.GRAN;Cj De Panela Granada | Indução | 05 Peças;382,02;0;0;0;0,0
37.FEC.602.33.INX;Fechadura | 601-602/33 | Inox;26,39;0;0;0;0,0
7.GAN.REF.ZC;Gancho de Rede Reforçado | Zincado;18,05;0;0;0;0,0
18.CAD.20.VM;Cadeado | SM | 20mm | Vermelho;12,87;0;0;0;0,0
29.TS.PT.30;Trilho Simples para Cantoneira | Preto | 30cm;3,13;0;0;0;0,0
42.FITA.ISOL.20M;Fita Isolante | 20m;3,49;0;0;0;0,0
27.LOUÇA.BASIC.VM;Escorredor de Louça Basic Vermelho;27,98;0;0;0;0,0
4.BELLA.AZ;Bella Bomba Azul;18,3;0;0;0;0,0
47.ORG.OVO.36UN.TS;Organizador de ovos | Clear Fresh | 36un | NT;29,72;0;0;0;0,0
27.LIX.FLAT.2.8.VM;Lixeira Flat 2,8l - Vermelho;28,47;0;0;0;0,0
16.BUCHA.PER.8;Bucha Perfix | 8mm;0,0484;4600;0;4600;222,64
17.PAQUI.PLA.150;Paquímetro Plástico | 150;4,59;0;0;0;0,0
27.ESC.TAP.SING.PT;Escorredor com Tapete | Single | Preto;27,44;0;0;0;0,0
6.NVL.MAG.30;Nível Magnético | 30cm ;16,08;0;0;0;0,0
6.FLAP.CON.50.115;Disco de Lixa Flap Cônico 115mm | Grão 50;2,67;2;0;2;5,34
6.TRENA.50M;Trena Longa | 50m;16,86;0;0;0;0,0
17.CONT.5ALG;Contador Numérico De Batidas 5 Algarismos Starfer;0,0;0;0;0;0,0
27.LOUÇA.SING.AM;Escorredor de Louça Single - Amarelo;15,81;0;0;0;0,0
27.KIT.7POT;Kit 07 Peças | Pote Hermético ;60,0;0;0;0;0,0
24.CAD.BIO.PR;Cadeado | Biométrico CF30 | Prata;143,99;0;0;0;0,0
19.EST.150G;Estopa Branca | 150g;2,09;9;0;9;18,81
45.DOBR.PT;Dobradiça Aço | Preto;0,0;0;0;0;0,0
25.MOLA.A302.F2.PR;Mola Aérea A302 Força 2 - 45kg Prata;52,0;0;0;0;0,0
6.RALO.QUAD;Ralo Click | Inox | Quadrado | 10x10;13,25;0;0;0;0,0
27.MARM.VD;Marmita Hermética Nutri | Verde + Preto;14,34;2;0;2;28,68
4.ABRI.VD;Abridor de Pote de Conserva | Verde;2,09;0;0;0;0,0
23.FEC.DIG.40A.COMBO;Fechadura Digital YDF 40A | Combo;1399,64;0;0;0;0,0
24.CAD.ANCR;Cadeado | Com Segredo 35mm | Ancora;20,68;0;0;0;0,0
35.ROD.GEL.PT;Rodízio | Duplo Gel Preto |;7,05;0;0;0;0,0
18.CAD.LAT.30;Cadeado | Latão | 30mm;13,03;0;0;0;0,0
38.GRAD.ALIM;Grade Resfriar Alimentos | Metal;9,95;0;0;0;0,0
27.DISP.SING.AM;Dispenser Single - Amarelo;8,91;0;0;0;0,0
27.SAND.DIS.RS;Sanduba Nutri Disney - Rosa;6,66;0;0;0;0,0
18.CAD.20.VD;Cadeado | SM | 20mm | Verde;12,87;0;0;0;0,0
27.GRAD.VM;Grade de Pia | Basic | Vermelho;11,35;0;0;0;0,0
4.BOMB.LA;Bomba Para Refrigerante - Laranja;5,1;0;0;0;0,0
42.FITA.ISOL.10M;Fita Isolante | 10m;1,95;0;0;0;0,0
27.DISP.FLAT.500.CZ;Dispenser Flat + 500ml  - Cinza;16,49;0;0;0;0,0
10.MF.DOB.REF.39;Mão Francesa Dobrável Reforçada - 39cm;47,0;0;0;0;0,0
23.FEC.YRD.256.COMBO;Fechadura Digital YRD 256 | Combo;0,0;0;0;0;0,0
6.CINTA.1.5T;Cinta Catraca 25mm x 4,6m x 1,5 tn;23,74;0;0;0;0,0
45.GAN.ACE;Gancho de Rede | Acetinado;22,69;0;0;0;0,0
15.GRAMP.C.4;"Grampo Tipo C Para Marceneiro | 4""";12,43;0;0;0;0,0
47.DISP.FEC.650.VM;Dispenser Fechado | 650ml | Vermelho;15,57;0;0;0;0,0
27.KIT.12POT;Kit 12 Peças | Pote Hermético ;123,99;0;0;0;0,0
6.BOMB.PER.110;Bomba Periférica 110V;95,54;30;0;30;2866,2000000000003
37.FEC.1004.INX;Fechadura | 1004 Roseta | Inox;35,5;0;0;0;0,0
20.COL.SOB;Colher de Sobremesa | Continental;1,52;0;0;0;0,0
26.ESGUI.7.G;Esguicho Multiplo Para Mangueira G;11,9;0;0;0;0,0
47.ORG.30X15X13;Organizador Clear | 30x15x13cm | NT;19,93;0;0;0;0,0
37.CAD.ECO.20;Cadeado | Zamac | 20mm | E-coat;6,72;0;0;0;0,0
11.PF.TROA.3.5.38;Parafuso Trombeta | 3.5 x 38mm | 100 Peças;0,0723;0;0;0;0,0
24.CAD.PASS;Cadeado TSA | Com Segredo 35mm | Passaporte;26,7;0;0;0;0,0
23.COFR.COMPCT;Cofre Digital | Value Compact | Preto;399,46;0;0;0;0,0
24.CAD.TRT.50R;Cadeado Tetra CRT50R | Reforçado ;92,14;1;0;1;92,14
27.LIX.PRESS.5.RS;Lixeira Press | 5 Litros | Rosa;29,86;0;0;0;0,0
42.FITA.ISOL.5M;Fita Isolante | 5m;1,09;0;0;0;0,0
3.ESPR.FRUT;Espremedor de Frutas ;1,77;27;0;27;47,79
42.COLA.200G;Cola de Contato | 200g ;8,59;69;0;69;592,71
39.GRAMP.C.6;"Grampo tipo C | Para Marceneiro | 6""";0,0;0;0;0;0,0
45.PREND.PT;Prendedor de Porta | Preto;13,75;0;0;0;0,0
13.PIS.BR.120;Pistão Fit | Branco | 120N;2,35;280;0;280;658,0
47.PORT.FRIO.DUP.TS;Porta Frio | Clear | Duplo | NT;27,71;4;0;4;110,84
47.ORG.25X29X10.MULT;Organizador Clear | Multinível | 25x29x10 | NT;22,23;0;0;0;0,0
27.ESC.SING.PT;Escorredor de Louças | Single | Preto;15,81;0;0;0;0,0
22.MAOF.30.BR;Mão Francesa | 30cm | Branca;3,67;0;0;0;0,0
31.LAMP.RGB;Lampada Elgin | RGB | Alexa;34,9;0;0;0;0,0
37.CAD.CLR.25.VM;Cadeado | Segredo | Colors | 25mm | Vermelho;13,31;0;0;0;0,0
10.MF.RET.34;Mão Francesa Retrátil - 340mm (34cm);24,0;0;0;0;0,0
27.SAB.VM;Saboneteira Splash - Vermelho;6,77;0;0;0;0,0
4.PISO.25X25;PISO PRATICO 250x250mm;6,0;0;0;0;0,0
42.TINT.GRAF.350ML;Tinta Aerosol Grafite | 350ml;10,75;0;0;0;0,0
11.PF.TROA.3.5.45;Parafuso Trombeta | 3.5 x 45mm | 100 Peças;0,0688;0;0;0;0,0
6.ESP.CRUZ.1;Espaçador Piso Cruzeta 1;1,07;0;0;0;0,0
27.DISP.RJ.MRC;Dispenser Romeo e Julieta Marrom Claro;15,4;0;0;0;0,0
5.TRAV.BOR.MR;Trava Porta De Borracha | Marrom ;7,65;0;0;0;0,0
32.CONV.REG;Conversor P/ Registro | Docol e Deca;6,37;0;0;0;0,0
27.DISP.SING.CZE;Dispenser Single - Cinza Escuro;6,49;0;0;0;0,0
15.BITS.65;Jogo de Bits C/ 10 peças | 65mm;9,01;0;0;0;0,0
43.DUPL.FACE.19;Fita Dupla Face | 19mm x 2m | 3M;15,24;0;0;0;0,0
7.GAN.REF.DO;Gancho de Rede Reforçado | Dourado;14,84;0;0;0;0,0
8.MOLAP.ZN;Mola Triunfo 454 - Zincado;37,07;59;24;35;2187,13
4.CAB.TRV.BR;Cabide Trevo Branco;1,86;0;0;0;0,0
17.SUP.DUP.27.BR;Suporte Duplo | 27cm | Branco;7,2;0;0;0;0,0
27.TAP.SING.BRC;Tapete de Pia | Single | Branco Acinzentado;0,0;0;0;0;0,0
25.TPOR.MET.CR;Trava Porta | Piso Metálico Cromado;4,08;0;0;0;0,0
37.CAD.AZ;Cadeado | Segredo | 25mm | Azul;9,59;0;0;0;0,0
17.SUP.M14;Base Para Disco de Lixa com Velcro | M14;0,0;0;0;0;0,0
1.TS.BR.200;Trilho Simples | Branco | 200cm;0,0;0;0;0;0,0
47.ORG.TEMP.1.5L.TS;Organizador de Temperos | Clear Fresh | 1,5l | NT;22,61;0;0;0;0,0
27.LOUÇA.SING.MRC;Escorredor de Louça Single - Marrom Claro;15,81;0;0;0;0,0
30.ROD.GAME.PT;Rodízio Gamer | SQ55 | HGA | Preto;9,5;3;0;3;28,5
27.ESC.TAP.SING.AM;Escorredor com Tapete | Single | Amarelo;0,0;0;0;0;0,0
31.DIS.2P.25A;Disjuntor 2 Polos | 25A;14,29;0;0;0;0,0
38.CAB.DOB.INX;Cabide Dobrável | Aço Inox;6,37;19;0;19;121,03
8.DOBR.4.PT;Dobradiça Vai e Vem | 4 Polegadas | Preta;39,56;0;0;0;0,0
27.LIX.SING.VM;Lixeira Single 2,5l - Vermelho;12,0;0;0;0;0,0
29.SUP.TS.CZ.15;Suporte Simples 15cm Cinza;2,21;10;0;10;22,1
18.CAD.25.VD;Cadeado | SM | 25mm | Verde;14,42;0;0;0;0,0
29.SUP.TS.CZ.50;Suporte Simples 50cm Cinza;14,08;0;0;0;0,0
25.MOLA.A530.F2.PT;Mola Aérea A530 Força 2 - Preto;87,45;0;0;0;0,0
4.PCOND.BR;Açucareiro Prático | Branco;6,03;0;0;0;0,0
43.DUPL.FACE.24;Fita Dupla Face | 24mm x 2m | 3M;16,39;0;0;0;0,0
47.DISP.TRI.650.BR;Dispenser Trium | 650ml | Branco;16,18;0;0;0;0,0
6.LA.PROF.25;Lâmina para Estilete 10Pçs - 25mm;4,59;0;0;0;0,0
17.TD.PT.200;Trilho Duplo | Preto | 200cm;23,39;50;0;50;1169,5
17.CARRO.RET;Carro Para Carga Retrátil;210,38;4;0;4;841,52
48.TRAV.CR;Trava Porta | Inox;9,8;241;0;241;2361,8
26.APLIC.FITA;Aplicador de Fita Adesiva;16,32;9;0;9;146,88
4.SUP.BR;Suporte para Mangueiras e Vassoura;3,14;402;0;402;1262,28
27.LIX.TAMPA.4.VM;Lixeira Tampa Vermelha;28,05;0;0;0;0,0
8.MOLA.INT;Mola Interna 453;59,85;0;0;0;0,0
42.DUPLA.INT.19MM.2M;Fita Dupla Face |Interna | 19mm x 2m;11,29;0;0;0;0,0
6.MAND.APR.10;Mandril Aperto Rápido 10mm | 3/8;12,19;0;0;0;0,0
6.DISC.40D;Disco de Serra Circular 20x110 - 40 Dentes;7,71;0;0;0;0,0
15.MF.VID.15;Mão Francesa Para Vidro | 15cm;2,19;0;0;0;0,0
47.ORG.30X15X7;Organizador Clear | 30x15x7cm | NT;13,43;0;0;0;0,0
26.TAPE.50M;Fita Adesiva | Silver Tape 45x50m;15,64;0;0;0;0,0
29.SUP.TS.PT.20;Suporte para Trilho | Preto | 20cm;2,67;1;0;1;2,67
1.SUP.DUP.PT.17;Suporte Para Trilho Duplo | Preto | 17cm;4,07;0;0;0;0,0
6.MANG.120;Mangueira Flexível | 120cm;7,3;0;0;0;0,0
6.SUP.TV.30A75;"Suporte de TV Fixo | 30"" a 75""";16,12;0;0;0;0,0
27.UNO.MR;Pote Clear | Uno | Marrom;11,08;0;0;0;0,0
45.PREND.CR;Prendedor de Porta | Cromado;13,75;0;0;0;0,0
38.TELA.150X180;Tela Mosquiteiro | 150 X 180;10,34;0;0;0;0,0
27.DISP.SING.PT;Dispenser Single - Preto;6,49;0;0;0;0,0
1.SUP.TS.BR.30;Suporte Para Trilho Simples | Branco | 30cm;3,43;0;0;0;0,0
15.LIX.INX.5L;Lixeira Aço Inox | 5l | Com pedal;33,92;0;0;0;0,0
24.CAD.CRO.40;Cadeado | Cromado | 40mm;17,79;0;0;0;0,0
30.ROD.U.SEM;Rodízio em U Sem Trava;0,0;0;0;0;0,0
42.GAN.BR.M;Gancho Ambar Branco | M ;8,62;0;0;0;0,0
47.DISP.PRM.500.CZ;Dispenser Premium | 500ml | Chumbo;17,13;0;0;0;0,0
10.FECHO.DO;Fecho Rolete | Bicromatizado;0,86;0;0;0;0,0
5.TPOR.MAG.DUO;Trava porta Dual escovado;16,09;0;0;0;0,0
24.FEC.ART511;Cilindro para Móveis | ART 511;14,77;0;0;0;0,0
5.VEDA.6MM.BR;Veda Fresta 6mm - 6 Metros | Branco;16,79;0;0;0;0,0
49.PF.1.4.45;Parafuso Sextavado Soberba | 1/4x45mm ;16,43;0;0;0;0,0
1.SUP.TS.PT.25;Suporte Para Trilho Simples | Preto | 25cm;4,0;1;0;1;4,0
47.DISP.FEC.650.BG;Dispenser Fechado | 650ml | Bege;15,57;0;0;0;0,0
6.JG.BROC.16PC;Jogo de Brocas | 16 Peças;15,44;0;0;0;0,0
5.TRAV.BOR.PT;Trava Porta De Borracha | Preto;7,65;0;0;0;0,0
17.LONA.3X2;Lona 75G | 3x2 | Azul;17,22;0;0;0;0,0
42.DUPLA.EXT.25MM.2M;Fita Dupla Face | Externa | 25mm x 2m;14,78;10;0;10;147,79999999999998
8.DOBR.3.ZC;Dobradiça Vai e Vem | 3 Polegadas | Zincada;35,43;0;0;0;0,0
5.TPOR.MAG.PTF;Trava Porta Magnético | Preto Fosco;22,3;2;0;2;44,6
27.ESC.SING.AZ;Escorredor de Louças | Single | Azul;15,81;0;0;0;0,0
17.DISC.DIAM.200;Disco Diamantado Velcro | Grão 200;10,94;0;0;0;0,0
13.ROD.COMT.50;Rodizio Transparente | Com Trava | 50mm;3,32;4407;326;4081;14631,24
5.CAMP.SF.PT;Campainha Sem Fio - Preto;60,11;0;0;0;0,0
31.DIS.3P.25A;Disjuntor 3 Polos | 25A;19,81;0;0;0;0,0
15.SUP.TS.PT.20;Suporte P/ Trilho | Preto | 20cm;2,28;140;0;140;319,2
50.TOAL.COMP.PT;Toalheiro Compacto - Preto;17,256666666666668;0;0;0;0,0
29.SUP.TS.BR.50;Suporte para Trilho | Branco | 50cm;9,01;198;0;198;1783,98
39.CHV.MAND2PC;Chave p/ Mandril (2pçs);0,0;0;0;0;0,0
26.TRA.BIKE.VM;Trava para Bicicleta Vermelha;8,64;0;0;0;0,0
4.BELLA.PT;Bella Bomba Preto;18,3;0;0;0;0,0
27.LIX.BASIC.2.5.CZ;Lixeira Basic Cinza;14,54;0;0;0;0,0
46.PIROG.220V;Pirógrafo | 220v;30,56;0;0;0;0,0
15.TS.BR.150; Trilho p/ Prateleira | Branco | 1,5 Metros;8,96;0;0;0;0,0
46.LATA.350;Amassador de Latas | 350ml;30,56;0;0;0;0,0
6.RALO.RED;Ralo Click | Inox | Redondo | 10x10;15,64;2;0;2;31,28
47.ORG.CEST.2.2L.TS;Organizador Clear Fresh | Com cesto | 2,2l | NT;22,52;0;0;0;0,0
26.FITA.VD;Fita Isolante 18x5m Antichama - Verde;0,79;2;0;2;1,58
11.PF.3.5.16;Parafuso Minichip 3,5 x 16mm ;0,025099999999999997;0;0;0;0,0
39.GRAMP.C.5;"Grampo tipo C | Para Marceneiro | 5""";0,0;0;0;0;0,0
19.PINO.15;Pino 15mm | GPE919 e GPE168 | 1000 Peças;7,35;0;0;0;0,0
17.SUP.DUP.22.BR;Suporte Duplo | 22cm | Branco;5,86;0;0;0;0,0
30.ROD.GAME.VD;Rodízio Gamer | SQ55 | HGA | Verde;9,05;36;0;36;325,8
27.CHA.2.7.INX;Chaleira Apito | 2,7 Litros | Aço Inox;67,34;0;0;0;0,0
4.BOMB.RX;Bomba Para Refrigerante - Roxo;5,1;0;0;0;0,0
5.VEDA.2MM.MR;Veda Fresta 2mm - 6 Metros | Marrom;16,79;0;0;0;0,0
5.NUM.1.ESC;Número Residêncial | Escovado | 1;7,36;0;0;0;0,0
5.ROLIN.100.PT;Veda Porta | Rolinho | 100cm | Preto;14,87;14;0;14;208,17999999999998
27.LOUÇA.SING.VM;Escorredor de Louça Single - Vermelho;15,81;0;0;0;0,0
17.MOLA.ZC;Mola Aéra | Prata;34,5;21;0;21;724,5
17.FECH.ZINC;Fecho Rolete | Zincado;1,09;0;0;0;0,0
28.EXT.4.5.RS;PANELA DE PRESSAO ALUM 4,5L FEC EXT AA ROSE;95,56;0;0;0;0,0
27.CHA.2.7.APT;Chaleira Vanilla | 2,7l ;82,56;0;0;0;0,0
27.ESC.SING.BR;Escorredor de Louças | Single | Branco;15,81;0;0;0;0,0
39.BROC3A10;Jogo de Brocas para Madeira | 3 a 10mm ;0,0;0;0;0;0,0
44.VEDA.TS;Veda Fresta | Transparente;22,5;0;0;0;0,0
19.FIO.20M;Passa Fio | Alma aço | 20m;0,0;0;0;0;0,0
34.GAN.U;Gancho em U | Para Painel;3,74;0;0;0;0,0
4.COL.INF.PLA.RS;Colher Infantil Plástico - Rosa;0,38;0;0;0;0,0
19.GRAMP.16MM;Grampo | GPE-916 | 1000 Peças | 16mm;12,74;0;0;0;0,0
42.DUPLA.INT.25MM.20M;Fita Dupla Face |Interna | 25mm x 20m;59,79;0;0;0;0,0
16.BUCHA.AN.8;Bucha Anel | 8mm;0,01626;800;0;800;13,008000000000001
5.NUM.5.ESC;Número Residêncial | Escovado | 5;7,36;2;0;2;14,72
44.VEDA.5MM.BR;Veda Fresta | 5mm | Branco;14,63;8;0;8;117,04
26.RALO.RED;Ralo Click Redondo - 9,7cm;19,72;0;0;0;0,0
27.CJ.TIG.03.INX;CJ de Tigelas | 03 Peças | Aço Inox;36,7;0;0;0;0,0
27.CJ.FRIO;Conjunto Para Frios | 03 Peças;25,58;0;0;0;0,0
2.MOUS.USB.AZ;Mouse Emborrachado USB | MO226 | Azul;17,13;0;0;0;0,0
16.BUCHA.PER.10;Bucha Perfix | 10mm;0,06952;1000;0;1000;69,52
39.MAO.RET.20;Mão Francesa Retrátil | 20cm;6,05425;0;0;0;0,0
5.ROLIN.100.BR;Veda Porta | Rolinho | 100cm | Branco;14,87;1;0;1;14,87
6.LA.TRAP.18;Lâmina para Estilete Trapezoidal 10Pçs - 18mm;1,9;31;0;31;58,9
17.GRAMP.C.4;"Grampo tipo C | 4"" ";18,58;0;0;0;0,0
27.UNO.BR;Pote Clear | Uno | Branco;11,08;0;0;0;0,0
17.BOMB.400G;Bomba de Graxa - 400g;33,19;0;0;0;0,0
4.BOMB.VM;Bomba Para Refrigerante - Vermelho;5,1;0;0;0;0,0
26.RALO.QUAD;Ralo Click Quadrado - 9,4cm;19,72;0;0;0;0,0
12.FITA.45X100.TS;Fita Adesiva Transparente - 45x100m;5,0;0;0;0;0,0
4.CAB.AD.GAT.BR;Cabide Gato Branco;2,2;0;0;0;0,0
8.MOLA.HID.OU;Mola Automática 453 - Ouro;200,38;5;0;5;1001,9
6.ESQ.30;Esquadro 12 Polegadas - 30cm;4,22;0;0;0;0,0
6.TESO.VERG;Tesoura Corta Vergalhão;45,93;0;0;0;0,0
38.TIMER.OVO.VM;Timer | Ovos Resina | Vermelho;3,24;0;0;0;0,0
17.DOB.4.PT;Dobradiça Vai-vem | 4 Pol. | Preta;13,505;2;0;2;27,01
42.TINT.PTF.350ML;Tinta Aerossol | Preto Fosco | 350ml;9,77;6;0;6;58,62
4.CAB.AD.DOG.BR;Cabide Cachorro Branco;2,2;0;0;0;0,0
50.DISP.800.BR;Saboneteira Líquida 800ml - Branco;18,731666666666666;18;0;18;337,16999999999996
38.PROT.DEDO;Protetor De Dedos Cozinha | Aço Inox;2,38;0;0;0;0,0
40.ETIQ.4X2.5;Etiqueta Térmica | 02 Colunas | 40 x 25mm ;9,0;0;0;0;0,0
42.BUMP.QUAD.G.8PC;Bumper Quadrado | G | 8 Peças;8,5;2;0;2;17,0
8.DOBR.4.CZ;Dobradiça Vai e Vem | 4 Polegadas | Cinza;36,45;0;0;0;0,0
1.TS.PT.100;Trilho Simples | Preto | 100cm;12,57;0;0;0;0,0
27.TAB.VM;Tábua de Cortes | Vermelho;10,62;0;0;0;0,0
42.ESP.LIMPA.400;ESPUMA LIMPA TUDO 400ML;14,68;0;0;0;0,0
31.BAT.CR2032;Bateria Litio | CR2032 | 5 Peças;4,38;37;0;37;162,06
3.CX.RAT.PT.40;Caixa Organizadora Preta 40 Litros;22,4;0;0;0;0,0
27.SAND.RX;Sanduba Nutri | Lilás;9,66;0;0;0;0,0
24.MOLA.PPZ.PR;Mola Aérea | PPZ200 | Prata;122,07;0;0;0;0,0
27.SAND.VD;Sanduba Nutri | Verde;9,29;1;0;1;9,29
24.FEC.ART4070;Fechadura com puxador para rack | ART 4070;15,78;0;0;0;0,0
12.FITA.45x100.MR;Fita Adesiva Marrom - 45x100m;5,9;0;0;0;0,0
47.ORG.30X15X7.TAMP;Organizador Clear | Com tampa | 30x15x7cm | NT;21,82;0;0;0;0,0
45.PREND.DO;Prendedor de Porta | Dourado;13,75;0;0;0;0,0
38.ESCOV.PELO;Escova Removedora de Pelos;18,29;0;0;0;0,0
5.VEDA.4MM.MRC;Veda Fresta 4mm - 6 Metros | Marrom Claro;16,79;0;0;0;0,0
34.SUP.INV.40;Suporte Invisível | 40cm;8,57;415;0;415;3556,55
44.VEDA.P.BR;Veda Fresta | Modelo P | Branco;14,9;3;0;3;44,7
42.FITA.48.50;Fita Crepe | 48 x 50m;8,17;0;0;0;0,0
32.TORN.PT;Torneira de Mesa | Preta;17,33;1;0;1;17,33
39.MINI.MART;"Mini Martelo Unha | 6""";3,633166666666667;0;0;0;0,0
42.APLIC.REF;Aplicador Tipo 2 | PU e Silicone;16,88;0;0;0;0,0
16.BUCHA.C.5;Bucha Comum | 5mm;0,00758;2000;0;2000;15,16
4.CAB.LOS.AZ;Cabide Losango Azul;1,86;0;0;0;0,0
15.TS.PT.200;Trilho Simples | Preto | 200cm;13,14;124;0;124;1629,3600000000001
6.DISC.FLAP.60.115;Disco de Lixa Flap - 115mm | Grão 60;2,49;1608;0;1608;4003,9200000000005
24.CAD.NAC;Cadeado TSA | Com Segredo 35mm | Nações;26,35;0;0;0;0,0
4.ROD.FIX.30.CZ;Rodízio 30mm C/ Fixador - Cinza;2,32;118;0;118;273,76
25.CAFE.6X;Cafeteira Italiana | 6 Xícaras;53,36;0;0;0;0,0
29.TS.CZ.200;Trilho Simples para Cantoneira | Cinza | 200cm;19,13;0;0;0;0,0
27.LIX.BASIC.2.5.BR;Lixeira Basic Branca;15,11;0;0;0;0,0
31.DIS.2P.63A;Disjuntor 2 Polos | 63A;15,76;0;0;0;0,0
1.SUP.DUP.PT.22;Suporte Para Trilho Duplo | Preto | 22cm;6,46;0;0;0;0,0
1.MESA.90.40.PT;Mesa Retrátil Preta;82,36;0;0;0;0,0
27.ESC.INX;Escova P/ Banheiro | Aço Inox;39,45;0;0;0;0,0
6.ESQ.25;Esquadro 10 Polegadas - 25cm;4,49;0;0;0;0,0
6.BROC.SDS.8.160;Broca Concreto SDS Plus | 8.0 x 160mm;2,96;35;0;35;103,6
33.FUME.ZC.CTR.50;Rodízio Fumê | Zincado | Com Trava | 50mm;6,3;72;0;72;453,59999999999997
27.OVAL.CZE;Escorredor de Talheres Oval | Cinza Escuro;0,0;0;0;0;0,0
28.WOK.32.CE;Panela Wok 32cm Cereja;87,96;0;0;0;0,0
45.GAN.OU;Gancho de Rede | Ouro Velho;22,69;0;0;0;0,0
37.FEC.701.100.PTF;Fechadura | 701/100 | Preto Fosco;31,21;0;0;0;0,0
31.FERRO.BR.110;Ferro de Passar Seco | 12v | Branco;39,84;0;0;0;0,0
42.KIT.MOV;Kit Moveleiro 100g A + QFS 200ml;24,28;1500;138;1362;36420,0
24.CAD.CR30.PR;Cadeado | Com Segredo CR30 | Prata;21,8;0;0;0;0,0
27.DISP.SING.BR;Dispenser Single - Branco;8,47;0;0;0;0,0
17.CINTA.4.5;"Cinta Carga Com Catraca 4.5m 1""";16,58;0;0;0;0,0
47.DISP.FEC.650.PT;Dispenser Fechado | 650ml | Preto;15,57;0;0;0;0,0
37.CAD.CLR.25.BR;Cadeado | Segredo | Colors | 25mm | Branco;11,83;0;0;0;0,0
47.DISP.PRM.500.VM;Dispenser Premium | 500ml | Vermelho;17,13;1;0;1;17,13
17.VELC.BR.125.320;Disco de Lixa Pluma | Branco | Grão  320;0,68;135;0;135;91,80000000000001
16.BUCHA.BLT;Bucha Bolt 1/4 | 100 Peças;2,2016999999999998;0;0;0;0,0
1.SUP.TS.PT.35;Suporte Para Trilho Simples | Preto | 35cm;4,75;0;0;0;0,0
27.DISP.RJ.CZF;Dispenser Romeo e Julieta Cinza;15,4;0;0;0;0,0
5.VEDA.6MM.PT;Veda Fresta 6mm - 6 Metros | Preto;16,79;0;0;0;0,0
26.CUT.8;Cutelo Com Furo Em Aço - 8 Polegadas;27,88;0;0;0;0,0
6.ALI.REB.ALAV;Alicate Rebitador Tipo Alavanca;31,52;0;0;0;0,0
27.SAND.VM;Sanduba Nutri | Vermelha;10,35;0;0;0;0,0
44.VEDA.I.BR;Veda Fresta | Modelo I | Branco;14,9;0;0;0;0,0
48.TUC.M.BR;Suporte Tucano | Médio | Branco;5,5;42;0;42;231,0
26.LUZ.AUT;Luz de Emergência Automotica | 12v led 5W;10,36;0;0;0;0,0
4.BELLA.CZ;Bella Bomba Cinza;18,3;0;0;0;0,0
27.TRIO.NT;Pote Clear | Trio | Natural;26,58;0;0;0;0,0
37.CAD.BR;Cadeado | Segredo | 25mm | Branco;8,96;0;0;0;0,0
3.SAB.PLA.BR;Saboneteira Plástica | Branco ;0,78;0;0;0;0,0
4.BOMB.CHOP;Bomba para chop;0,0;0;0;0;0,0
6.CHVL.HEXA.9;Chave Longa Hexagonal | 9 PÇS;11,88;0;0;0;0,0
6.FIO.AM.20;Passa Fio | 20m;12,55;0;0;0;0,0
18.CAD.LAT.50;Cadeado | Latão | 50mm;28,23;0;0;0;0,0
1.SUP.DUP.PT.27;Suporte Para Trilho Duplo | Preto | 27cm;8,23;0;0;0;0,0
6.DISC.VELC.400.125;Disco de Lixa Velcro - 125mm | Grão 400;0,36;1510;0;1510;543,6
42.COLA.750G;Cola de Contato | 750g;20,81;118;0;118;2455,58
17.SUP.DUP.17.PT;Suporte Duplo | 17cm | Preto;4,06;67;0;67;272,02
4.TPOR.CZ;Trava Porta Prático | Cinza ;2,66;0;0;0;0,0
6.DISC.72D;Disco de Serra Circular 20x110 - 72 Dentes;4,72;0;0;0;0,0
6.FIO.AM.30;Passa Fio | 30m;15,28;0;0;0;0,0
38.RAL.6FAC;Ralador 6 Faces | 19,5 x 11 x 9cm;6,51;0;0;0;0,0
27.LIX.BASIC.2.5.VM;Lixeira Basic Vermelha;15,11;0;0;0;0,0
47.ORG.OVO.2.8L.TS;Organizador Clear Fresh | 2,8l | NT;24,49;0;0;0;0,0
32.DUCHAO;Válvula Duchão | 06 Peças;77,76;0;0;0;0,0
42.ROLO.AD.76MM;Rolo Adesivo | 21 fls | 76mm;4,73;2;0;2;9,46
45.DOBR.ACE.ESC;Dobradiça Aço | Acetinado Escovado;14,91;0;0;0;0,0
17.VELC.BR.125.220;Disco de Lixa Pluma | Branco | Grão  220;0,68;22;0;22;14,96
4.ROD.BUC.30.PT;Rodízio 30mm C/ Bucha - Preto;1,91;0;0;0;0,0
25.FECH.POL.PT;Fecho Porta Cadeado Polimeto - Preto;3,17;0;0;0;0,0
17.FITA.18.5.PT;Fita Isolante 18x5m Antichama - Preto;1,28;0;0;0;0,0
24.CAD.60;Cadeado | Clássico | 60mm;35,67;0;0;0;0,0
27.DISP.FLAT.500.AZ;Dispenser Flat Lgr 500ml - Azul;22,42;0;0;0;0,0
27.MARM.RX;Marmita Hermética Nutri | Lilás;15,98;3;0;3;47,94
4.CAB.RET.VD;Cabide Retangular Verde;1,86;0;0;0;0,0
17.SUP.DUP.37.BR;Suporte Duplo | 37cm | Branco;9,28;0;0;0;0,0
33.TRAV.CPM.ANT;Prendedor de Porta | CPM | Antique;17,1;0;0;0;0,0
4.PCOND.CZ;Açucareiro Prático | Cinza;6,03;0;0;0;0,0
13.PIS.CZ.80;Pistão Fit | Cinza | 80N;2,54;0;0;0;0,0
4.DISP.AZ;Dispenser de Parede Azul;0,0;0;0;0;0,0
24.CAD.TWIN.PT;Cadeado Twinpack | Preto;45,25;0;0;0;0,0
25.GARR.2.5L;Garrafa Térmica Safira | Inox | 2,5 litros;0,0;0;0;0;0,0
4.ROD.BUC.38.CZ;Rodízio 38mm C/ Bucha - Cinza;2,52;0;0;0;0,0
6.ESC.CIRC;Escova de aço Circular | 125mm;11,12;3;0;3;33,36
37.CADSEG.40.DO;Cadeado com Segredo Zamac E-Coat;0,0;0;0;0;0,0
17.CHV.MAND.S2;Chave Para Mandril S2;3,67;0;0;0;0,0
5.NUM.7.ESC;Número Residêncial | Escovado | 7;7,36;2;0;2;14,72
15.LAP.CARP;Lápis para Carpinteiro (c/ 72);23,12;0;0;0;0,0
19.FIO.30M;Passa Fio | Alma aço | 30m;11,94;0;0;0;0,0
12.STRET.3.PT;Bobina | 500mm x 25m | Preto | 2,5kg;15,9;0;0;0;0,0
20.GARF.MESA.EURO;Garfo de Mesa | Linha Euro;2,5;0;0;0;0,0
42.GAN.RET.G;Gancho Topazio | Plástico | G;9,07;0;0;0;0,0
38.LIMP.RET;Limpador Poeira | Retrátil;13,27;0;0;0;0,0
23.FEC.DIG.PT.120;Fechadura Digital YDD 120 | Preta | Com Senha;544,18;0;0;0;0,0
5.VEDA.4MM.BR;Veda Fresta 4mm - 6 Metros | Branco;16,79;0;0;0;0,0
38.FORM.QUAD.20;Forma Cozimento | Quadrada | 20cm;0,0;0;0;0;0,0
27.SAND.RS;Sanduba Nutri | Rosa;9,29;0;0;0;0,0
25.FECH.4511;Fechadura 4511 - P/ Móveis c/ Lingueta - 49mm ;6,22;0;0;0;0,0
44.VEDA.E.BR;Veda Fresta | Modelo E | Branco;14,9;44;0;44;655,6
43.DUPL.FACE.12;Fita Dupla Face | 12mm x 2m | 3M;12,71;17;0;17;216,07000000000002
29.SUP.TS.PT.15;Suporte para Trilho | Preto | 15cm;3,48;0;0;0;0,0
31.DIS.3P.16A;Disjuntor 3 Polos | 16A;19,81;12;0;12;237,71999999999997
test_sku;Test Product;0,0;0;0;0;0,0
38.TAP.AIR.RED.16;Tapete Redondo | 16 x 16;3,19;110;0;110;350,9
42.DUPLA.EXT.12MM.2M;Fita Dupla Face | Externa | 12mm x 2m;8,24;12;0;12;98,88
27.GRAD.MRC;Grade de Pia | Basic | Marrom Claro;9,9;0;0;0;0,0
31.DIS.3P.6A;Disjuntor 3 Polos | 6A;19,81;0;0;0;0,0
6.MART.BORR.40;Marreta de Borracha - 40mm;4,84;1;0;1;4,84
32.TORN.1.2;Torneira 90º ABS Cromado P/ Maquina de Lavar 1/2;18,47;0;0;0;0,0
27.TRIO.BR;Pote Clear | Trio | Branco;26,58;0;0;0;0,0
4.COL.INF.PLA.AZC;Colher Infantil Plástico - Azul Claro;0,38;0;0;0;0,0
27.MARM.VM;Marmita Hermética Nutri | Vermelha;15,98;0;0;0;0,0
17.TS.PT.50;TRILHO SIMPLES - 50CM PRETO;4,91;0;0;0;0,0
38.TIMER.OVO.AM;Timer | Ovos Resina Amarelo;3,24;0;0;0;0,0
47.ORG.OVO.14UN.TS;Organizador de Ovos | Roll Clear Fresh | 14un;23,28;0;0;0;0,0
6.DISC.TURBO;DISCO DIAM TURBO 20 X 110 MM DB;6,05;0;0;0;0,0
39.MAO.RET.35;Mão Francesa Retrátil | 35cm;10,697;15;0;15;160,45499999999998
6.DISC.PORC;Disco Porcelanato 110 x 20 x 1,2mm ;13,31;0;0;0;0,0
26.SOQ.E27;Soquete E27 C/ Adaptador Para Tomada | Liga e Desl;2,68;6;0;6;16,080000000000002
19.MAND.10MM;Mandril Aperto Rápido | 10mm (3/8);12,31;0;0;0;0,0
3.CX.RAT.PT.20;Caixa Organizadora Preta 20 Litros;12,67;0;0;0;0,0
5.GAN.BR.QUAD;Gancho de Metal | Branco | Quadrado;13,79;0;0;0;0,0
27.DISP.RJ.CZ;Dispenser Romeo e Julieta Cinza;0,0;0;0;0;0,0
27.DISP.SING.VM;Dispenser Single - Vermelho ;6,49;0;0;0;0,0
27.LIX.PRESS.5.MRC;Lixeira Press | 5 Litros | Marrom Claro;29,86;0;0;0;0,0
30.ROD.GAME.RS;Rodízio Gamer | SQ55 | HGA | Rosa;9,05;13;0;13;117,65
32.TORN.BR;Torneira de Mesa | Branca;17,33;6;0;6;103,97999999999999
5.ROLIN.80.BR;Veda Porta | Rolinho | 80cm | Branco;12,73;2;0;2;25,46
38.ESC.LAVA;Escova Lava Louças | Multiuso;9,93;1;0;1;9,93
34.PIN.3.RS;Pino Metal | 3cm Rose;11,39;0;0;0;0,0
31.DIS.2P.20A;Disjuntor 2 Polos | 20A;0,0;0;0;0;0,0
27.LIX.SING.PT;Lixeira Single 2,5l - Preto;11,7;0;0;0;0,0
4.CAB.TRI.VD;Cabide Triangulo Verde;1,86;0;0;0;0,0
42.FEL.RED.30MM.12PC;Feltro Redondo | 30mm | 12 Peças;3,87;0;0;0;0,0
24.MOLA.PPZ.BR;Mola Aérea | PPZ200 | Branco;122,07;0;0;0;0,0
18.CAD.EXEC.PT;Cadeado | Executive | Preto;24,9;0;0;0;0,0
17.TS.PT.200;Trilho Simples | 200cm | Preto;20,73;0;0;0;0,0
27.POT.FLIP.1L;Pote Hermético Flip |  1l;9,99;0;0;0;0,0
10.MF.RET.24;Mão Francesa Retrátil - 240mm (24cm);18,0;0;0;0;0,0
42.GAN.RET.M;Gancho Topazio | Plástico | M;12,72;13;0;13;165,36
38.PROT.12PCS;Adesivo Protetor | Silicone | 2cm | (12 peças);2,54;0;0;0;0,0
20.FACA.SOB.EURO;Faca de Sobremesa | Linha Euro;3,01;0;0;0;0,0
27.MARM.DIS.VM;Marmita Hermética Nutri Disney - Vermelha;13,34;0;0;0;0,0
38.GAN.INX;KIT | Gancho Parede Aço | 5,5 x 5,5;6,8;45;0;45;306,0
17.DISC.DIAM.800;Disco Diamantado Velcro | Grão 800;10,94;0;0;0;0,0
24.CAD.35;Cadeado | Clássico | 35mm;14,56;0;0;0;0,0
6.DISC.VELC.100.125;Disco de Lixa Velcro - 125mm | Grão 100;0,36;90;0;90;32,4
47.DISP.PRM.500.BG;Dispenser Premium | 500ml | Bege;17,13;0;0;0;0,0
13.ROD.SEMT.100;Rodizio Transparente | Sem Trava | 100mm;13,34;225;0;225;3001,5
27.MARM.BG;Marmita Hermética Nutri | Bege;15,98;4;0;4;63,92
27.ORG.SING.PT;Organizador Single - Preto;6,46;0;0;0;0,0
13.DOB.FIX.RET;Dobradiça | Calço Fixo | Reta;1,64;446;0;446;731,4399999999999
13.PIS.CZ.40;Pistão Fit | Cinza | 40N;2,71;655;0;655;1775,05
8.MOLA.HID.CZ;Mola Automática 453 - Cinza;200,38;0;0;0;0,0
42.FEL.RED.20MM.24PC;Feltro Redondo | 20mm | 24 Peças;3,87;0;0;0;0,0
27.OVAL.VM;Escorredor de Talheres Oval | Vermelho;9,57;0;0;0;0,0
37.CADSEG.40.BR;CADEADO SEGR. 40 MM - BRANCO;19,75;0;0;0;0,0
28.EXT.4.5.CE;PANELA DE PRESSAO ALUM 4,5L FEC EXT AA CEREJA;95,56;0;0;0;0,0
11.PF.5.0.45;Parafuso Chipboard 5,0 x 45mm;0,0;0;0;0;0,0
15.MF.VID.30;Mão Francesa Para Vidro | 30cm;3,74;39;0;39;145,86
26.RL.QUAD;Ralo Inox | Quadrado | Abre e Fecha;3,94;0;0;0;0,0
6.ALI.REB.25;Alicate Rebitador | 25cm;13,93;15;0;15;208,95
38.COCO.16;Furador de Coco | Aço Inox | 16,5cm;7,11;0;0;0;0,0
11.PF.3.16.40;Parafuso Zincado | 3/16 x 40mm ;0,11359999999999999;0;0;0;0,0
17.SERR.DOB;Serrote Dobrável;18,98;0;0;0;0,0
26.TRA.BIKE.AZ;Trava Para Bicicleta Azul;8,64;0;0;0;0,0
11.BROC.MAD.9;Broca para Madeira | 9mm;1,22;26;0;26;31,72
46.PIROG.127V;Pirógrafo | 127v;30,56;0;0;0;0,0
27.CUSC.16;Cuscuzeira | 16cm | (2 Litros);113,55;0;0;0;0,0
13.PIS.CZ.150;Pistão Fit | Cinza | 150N;2,92;265;0;265;773,8
24.CAD.20;Cadeado | Clássico | 20mm;8,53;0;0;0;0,0
34.PIN.1.5.RS;Pino Metal | 1,5cm Rose;11,39;0;0;0;0,0
39.KIT.MAND.4PC;KIT | Mandril para Furadeira (4pçs);0,0;0;0;0;0,0
47.ORG.37X15X13;Organizador Clear | 37x15x13cm | NT;23,73;0;0;0;0,0
47.DISP.PRM.500.BR;Dispenser Premium | 500ml | Branco;17,13;0;0;0;0,0
18.CAD.20.AZ;Cadeado | SM | 20mm | Azul;12,87;0;0;0;0,0
29.SUP.TS.CZ.40;Suporte Simples 40cm Cinza;7,03;0;0;0;0,0
4.ROD.BUC.38.PT;Rodízio 38mm C/ Bucha - Preto;2,52;16;0;16;40,32
47.ORG.37X20X13;Organizador Clear | 37x20x13cm | NT;28,17;0;0;0;0,0
6.ESP.CRUZ.3;Espaçador Piso Cruzeta 3;1,53;0;0;0;0,0
6.DISC.VELC.80.125;Disco de Lixa Velcro - 125mm | Grão 80;0,38;320;0;320;121,6
24.CAD.CRO.35;Cadeado | Cromado | 35mm;16,35;0;0;0;0,0
13.DOB.FIX.CUR;Dobradiça | Calço Fixo | Curva;1,64;814;0;814;1334,9599999999998
19.ALIC.ABRA;"Alicate para Abraçadeira | 9""";31,12;0;0;0;0,0
32.TORN.CR;Torneira de Mesa | Cromada;32,79;1;0;1;32,79
13.MF.RET.PT.35;Mão Francesa Retrátil | Preta | 35cm;28,31;0;0;0;0,0
13.PIS.CZ.60;Pistão Fit | Cinza | 60N;2,56;721;0;721;1845,76
30.ROD.GAME.VM;Rodízio Gamer | SQ55 | HGA | Vermelho;9,5;0;0;0;0,0
27.LIX.SING.CZE;Lixeira Single 2,5l - Cinza Escuro;11,99;5;0;5;59,95
31.UMID.TOUCH.4LT;Umidificador de Ar Touch | 4 Litros;137,41;0;0;0;0,0
28.WOK.32.VM;Panela Wok 32cm Vermelha;87,96;0;0;0;0,0
17.LONA.4X3;Lona 75G | 4x3 | Azul;32,92;3;0;3;98,76
10.TRAV.CR;Batente De Porta | Cromado | max 118;11,64;65;0;65;756,6
6.MULT.DIG;Multímetro Digital;20,71;0;0;0;0,0
3.CX.RAT.PT.15;Caixa Organizadora Preta 15 Litros;10,7;0;0;0;0,0
27.LIX.PRESS.5.VM;Lixeira Press | 5 Litros | Vermelha;29,86;0;0;0;0,0
6.BROC.SDS.8.110;Broca Concreto SDS Plus | 8.0 x 110mm;2,32;0;0;0;0,0
42.ESP.MAG.3PC;Esponja Mágica | 03 Peças;12,04;451;0;451;5430,04
15.LIX.INX.3L;Lixeira Aço Inox | 3l | Com pedal;22,86;0;0;0;0,0
19.REB.MAN;Rebitador Manual | Alicate ;21,96;10;0;10;219,60000000000002
20.FAQ.24PC.EURO;Conjunto Faqueiro 24 peças | Linha Euro;93,52;0;0;0;0,0
29.SUP.TV.UNI.10.85;SUPORTE TV UNIVERSAL LED/LCD 10- 85;5,0;32;0;32;160,0
29.SUP.TV.10.55.BR;SUPORTE BRANCO TV LCD 10 A 55 BRACO ART;22,69;28;0;28;635,32
26.ADES.24PC;Adesivo Anti Impacto | 24 Peças;1,86;7;0;7;13,020000000000001
4.ROD.FIX.30.PT;Rodízio 30mm C/ Fixador - Preto ;2,32;36;0;36;83,52
17.TD.PT.150;Trilho Duplo | Preto | 150cm;0,0;0;0;0;0,0
11.PF.1.4.45;Parafuso 1/4 x 45mm - Zincado | 100 Peças ;0,1865;0;0;0;0,0
47.ORG.TEMP.2.3L.TS;Organizador de Temperos | Clear Fresh | 2,3l | NT;0,0;0;0;0;0,0
27.FAQ.24PCS;Faqueiro Siena | 24 Peças;47,51;0;0;0;0,0
37.FEC.901.INX;Fechadura | 901 | Inox (g);20,85;0;0;0;0,0
13.PIS.BR.150;Pistão Fit | Branco | 150N;2,35;638;0;638;1499,3
31.DIS.2P.40A;Disjuntor 2 Polos | 40A;15,57;0;0;0;0,0
33.TRAV.CPM.FME;Prendedor de Porta | CPM | Fumê;17,1;0;0;0;0,0
6.REG.MAQ;Registro Maquina de Lavar | 1/2 x 3/4;9,04;0;0;0;0,0
36.BUCHA.MU.6;Bucha MU 6 | 1 Peça;0,03427;0;0;0;0,0
32.ACAB.CR;Acabamento ABS Cromo | Padrão Deca e Decol;15,04;0;0;0;0,0
4.DISP.VD;Dispenser de Parede Verde;0,0;0;0;0;0,0
29.TS.CZ.50;Trilho Simples para Cantoneira | Cinza | 50cm;5,09;0;0;0;0,0
6.GRA.TAP.6;Grampo para Grampeador | 6mm;1,72;28;0;28;48,16
15.SUP.TS.PT.35;Suporte P/ Trilho | Preto | 35cm;3,77;135;0;135;508,95
27.OVAL.ARE;Escorredor de Talheres Oval |Areia;9,66;0;0;0;0,0
5.MULT.6MM.PT;Veda Fresta Multiuso | 11 x 6mm | Preto;11,04;0;0;0;0,0
42.ROLO.AD.100MM;Rolo Adesivo | 60 fls | 100mm;9,54;0;0;0;0,0
15.KIT.LAVA.VM;KIT Banheiro Lavabo | Vermelho;12,86;24;0;24;308,64
6.PNEU.CARR;Pneu Para Carrinho De Mao 3,25 X 8 - Fertak 5901;13,61;223;0;223;3035,0299999999997
27.LIX.TAMPA.4.TS;Lixeira Tampa Transparente;25,26;0;0;0;0,0
6.DISC.INOX.1.22.115;Disco de Corte Inox| 115 X 1.2;0,91;8;0;8;7,28
26.FITA.PT;Fita Isolante 18x5m Antichama - Preta;1,01;0;0;0;0,0
26.CUNHA.TS;(PAR) Aparador de Porta tipo Cunha;5,44;0;0;0;0,0
39.JG.SERRA.11;Jogo de Serra Copo | 11 Peças;0,0;20;0;20;0,0
15.LIX.INX.12.3L;Lixeira Aço Inox |12l + 3l| Com pedal;83,97;0;0;0;0,0
6.FORMAO;Formão - KIT 4 Peças ;26,24;13;0;13;341,12
8.DOBR.4.OU;Dobradiça Vai e Vem | 4 Polegadas | Ouro;40,3;1;0;1;40,3
6.DISC.FLAP.40.115;Disco de Lixa Flap - 115mm | Grão 40;2,49;297;0;297;739,5300000000001
44.VEDA.I.MR;Veda Fresta | Modelo I | Marrom;14,9;0;0;0;0,0
31.LAMP.12W.BRF;Lâmpada Bulbo | Led | 12w | Branco Frio ;3,2;28;0;28;89,60000000000001
44.VEDA.D.MR;Veda Fresta| Modelo D | Marrom;14,9;2;0;2;29,8
6.SUP.3ART;Suporte C/3 Articulações ;30,27;8;0;8;242,16
15.SUP.TS.PT.40;Suporte P/ Trilho | Preto | 40cm;5,59;20;0;20;111,8
6.FIO.AM.15;Passa Fio | 15m;10,61;18;0;18;190,98
27.FAQ.RIV.PT;Faqueiro Rivieria | 24  Peças | Preto;24,9;19;0;19;473,09999999999997
6.VENT.DUP;Ventosa Dupla;22,19;15;0;15;332,85
32.ANEL.GUIA;Anel de Vedação | Com Guia;3,79;17;0;17;64,43
34.PIN.1.5.CR;Pino Metal | 1,5cm Cromado;10,97;0;0;0;0,0
38.TRAV.FOLHA;Trava Porta | Folha | 9,5 x 5cm;3,46;0;0;0;0,0
27.LIX.TAMPA.4.RS;Lixeira Tampa Rosa;28,05;0;0;0;0,0
8.MOLAP.PT;Mola Triunfo 454 - Preto;37,07;351;149;202;13011,57
27.DISP.FLAT.500.PT.BG;Dispenser Flat  500ml - Preto c/ Bege;17,02;0;0;0;0,0
4.MESA.BR;MESA SUPER PRATICA;38,56;0;0;0;0,0
37.CAD.ECO.40;Cadeado | Zamac | 40mm | E-coat;14,7;0;0;0;0,0
6.BOIA.15A;Boia Elétrica de Nível - 15A;15,67;0;0;0;0,0
26.FITA.AZ;Fita Isolante 18x5m Antichama - Azul;1,01;0;0;0;0,0
33.TRAV.CPM.DO;Prendedor de Porta | CPM | Dourado;17,1;0;0;0;0,0
3.BAN.5.BR;Acessórios Para Banheiro | 5 Peças | Branco;13,13;0;0;0;0,0
6.DISC.VELC.240.125;Disco de Lixa Velcro - 125mm | Grão 240;0,36;920;0;920;331,2
ERRO;Trilho Simples | Preto | 200cm;0,0;0;0;0;0,0
39.KIT.CANUD;Canudo de Aço Inox em (5pçs);0,0;0;0;0;0,0
4.CAB.RET.AZ;Cabide Retangular Azul;1,86;0;0;0;0,0
4.CAB.COR.BR;Cabide Coração Branco;1,86;0;0;0;0,0
42.AD.MOV.100G;Adesivo Instantâneo | Moveleiro | 100g;10,8;406;0;406;4384,8
42.GOTA.GG.6PC;Bumper Gota | GG | 6 Peças;9,4;0;0;0;0,0
17.M14.150;Base Velcro M14 | 150mm;0,0;1;0;1;0,0
4.DISP.BR;Dispenser de Parede Branco;0,0;3;0;3;0,0
4.BELLA.LA;Bella Bomba Laranja;18,3;0;0;0;0,0
6.ESP.CRUZ.2;Espaçador Piso Cruzeta 2;1,28;0;0;0;0,0
44.VEDA.E.PT;Veda Fresta | Modelo E | Preto;14,9;9;0;9;134,1
27.DISP.SING.VMC;Dispenser Single - Vermelho Claro;6,49;84;0;84;545,16
6.JG.SOQ.22PCS;Jogo Soquete 1/2 | 22 Peças;132,12;0;0;0;0,0
17.GRAMP.C.3;"Grampo tipo C | 3"" ";11,71;0;0;0;0,0
38.FORM.RED.16;Forma Cozimento | Redonda | 16cm;8,53;8;0;8;68,24
15.TS.BR.100;Trilho Simples | Branco | 100cm;7,34;0;0;0;0,0
17.AMASS.350;Amassador de Latas | 350ml;30,85;0;0;0;0,0
25.SUP.MOLA.A530.BR;Suporte Mola Aérea A530 P/ Vidro - Branco;30,81;0;0;0;0,0
5.MULT.2MM.PT;Veda Fresta Multiuso | 11 x 2mm | Preto;6,86;0;0;0;0,0
36.BUCHA.3.16.BLT;Bucha Bolt 3/16 | Unidade;1,8333000000000002;0;0;0;0,0
37.FEC.1001.INX;Fechadura | 1001 | Inox;26,67;0;0;0;0,0
9.TRAV.FIX.PT;Trava Porta Adesivo Startfix - Preto;22,97;0;0;0;0,0
27.SAB.PT;Saboneteira Splash - Preto;7,23;0;0;0;0,0
19.FIO.10M;Passa Fio | Alma aço | 10m;7,96;27;0;27;214,92
6.CONECT.TRI.10;Conector de porcelana Tripolar | 10mm²;1,15;0;0;0;0,0
24.CAD.CLR.40.PT;Cadeado Com Chave 40mm Latão C/ Capa Preto Color Line;0,0;0;0;0;0,0
6.DISC.FLAP.80.115;Disco de Lixa Flap - 115mm | Grão 80;2,49;188;0;188;468,12000000000006
27.DISP.RJ.BR;Dispenser Romeo e Julieta Branco;15,4;0;0;0;0,0
46.CHV.VELA.5;Chave para Velas | 05 peças;15,89;0;0;0;0,0
6.MAOF.BR.30;Mão Francesa Branca | 30cm;2,25;5037;0;5037;11333,25
3.LIX.CLK.PPT.9;Lixeira | Click Label | Preto com Bolinhas;0,0;0;0;0;0,0
45.GAN.BR;Gancho de Rede | Branco;22,69;0;0;0;0,0
4.SAB.TAR.VD;Saboneteira Tartaruga Verde;0,0;0;0;0;0,0
48.TUC.G.CR;Suporte Tucano | Grande | Cromado;11,61;27;0;27;313,46999999999997
17.AMASS.475;Amassador de Latas | 475ml;34,8;1;0;1;34,8
27.POT.FLIP.2L;Pote Hermético Flip | 2l;14,99;0;0;0;0,0
9.TRAV.FIX.BR;Trava Porta Adesivo Smartfix - Branco ;21,04;0;0;0;0,0
18.CAD.20.AM;Cadeado | SM | 20mm | Amarelo;12,87;0;0;0;0,0
6.FLAP.CON.40.115;Disco de Lixa Flap Cônico 115mm | Grão 40;2,67;200;0;200;534,0
24.CAD.TRT.70;Cadeado | Tetra-Chave | 70mm;132,07;0;0;0;0,0
8.DOBR.3.BR;Dobradiça Vai e Vem | 3 Polegadas | Branca;35,43;0;0;0;0,0
2.MOUS.USB.BR;Mouse Emborrachado USB | MO224 | Branco;17,08;0;0;0;0,0
4.CAB.LOS.BR;Cabide Losango Branco;1,86;0;0;0;0,0
31.DIS.2P.6A;Disjuntor 2 Polos | 6A;14,29;0;0;0;0,0
44.VEDA.5MM.PT;Veda Fresta | 5mm | Preto;14,63;0;0;0;0,0
26.SUP.M14;Suporte Para disco de Lixa M14;11,7;0;0;0;0,0
38.TABUA.AL;Tábua Descongelar Alimentos | Alumínio;42,11;0;0;0;0,0
26.FITA.VM;Fita Isolante 18x5m Antichama - Vermelha;0,79;0;0;0;0,0
31.DIS.3P.32A;Disjuntor 3 Polos | 32A;21,16;12;0;12;253,92000000000002
21.GAN.ANJO;Encurtador de Rede Anjo (Par);65,02;0;0;0;0,0
30.ROD.SQ90.CAPA.SEM;SQ90 S/PINO PRETO C/CAPA;2,62;0;0;0;0,0
42.FITA.DEMARC.BR;Fita de Demarcação | 48 x 15m | Branca;10,73;0;0;0;0,0
38.COCO.14;Furador de Coco | Aço Inox | 14cm;4,92;0;0;0;0,0
27.LIX.SING.MRC;Lixeira Single 2,5l - Warm Gray;12,0;0;0;0;0,0
4.PCOND.AZ;Açucareiro Prático | Azul;6,03;0;0;0;0,0
48.TUC.PP.CR;Suporte Tucano | PP | Cromado;3,4;28;0;28;95,2
1.SUP.MIC.PR;Suporte Microondas Prata;32,76;0;0;0;0,0
17.DISC.DIAM.3000;Disco Diamantado Velcro | Grão 3000;10,94;0;0;0;0,0
36.BUCHA.FLY.3;Bucha Fly 3 | 50 Peças;0,1048;0;0;0;0,0
42.COLA.14KG;Cola de contato | 14kg;236,02;34;0;34;8024,68
27.LIX.FLAT.2.8.PT;Lixeira Flat 2,8l - Preto;25,91;0;0;0;0,0
5.ROLIN.80.CZ;Veda | Rolinho | 80cm | Cinza;0,0;4;0;4;0,0
17.CORT.VID.3;Cortador de Vidro #3;1,88;12;0;12;22,56
27.DUO.MR;Pote Clear | Duo | Marrom;19,94;0;0;0;0,0
27.ESC.SING.VM;Escorredor de Louças | Single | Vermelho;15,81;0;0;0;0,0
42.CANETA.UV;TEKBOND CANETA UV 4G;39,41;0;0;0;0,0
4.CAB.RET.BR;Cabide Retangular Branco;1,86;0;0;0;0,0
27.SAND.MR;Sanduba Nutri | Marrom;9,29;0;0;0;0,0
7.FIO.20;Passa Puxa Fio | 20 Metros;11,82;0;0;0;0,0
26.LONA.2X2;LONA PLASTICA AZUL 2MX2M;12,46;0;0;0;0,0
42.DUPLA.EXT.19MM.2M;Fita Dupla Face | Externa | 19mm x 2m;11,84;1;0;1;11,84
45.GAN.ZC;Gancho de Rede | Zincado;19,02;1;0;1;19,02
25.GARR.1L;Garrafa Térmica Safira | Inox | 1 litro;0,0;0;0;0;0,0
38.CAB.ESP.45;Cabide Espiral | 45cm;10,69;2;0;2;21,38
5.VEDA.2MM.PT;Veda Fresta 2mm - 6 Metros | Preto;16,79;0;0;0;0,0
6.FLAP.CON.80.115;Disco de Lixa Flap Cônico 115mm | Grão 80;2,67;80;0;80;213,6
11.BROC.MAD.7;Broca para Madeira | 7mm;0,78;0;0;0;0,0
17.GRAMP.C.5;"Grampo tipo C | 5"" ";22,11;0;0;0;0,0
42.COLA.400G;Cola de Contato | 400g;13,09;0;0;0;0,0
42.LIMP.AR.300ML;Limpador de Ar Condicionado | 300ml;15,82;14;0;14;221,48000000000002
17.VELC.BR.125.1000;Disco de Lixa Pluma | Branco | Grão  1000;0,68;1311;100;1211;891,48
12.STRET.3.TS;Bobina | 500mm x 25m | Transparente | 2,5kg;13,5;0;0;0;0,0
31.LAMP.12W.BRQ;Lâmpada Bulbo | Led | 12w | Branco Quente ;3,2;58;0;58;185,60000000000002
44.VEDA.P.PT;Veda Fresta | Modelo P | Preto;14,9;5;0;5;74,5
27.ESC.TAP.SING.AZ;Escorredor com Tapete | Single | Azul;0,0;0;0;0;0,0
27.SAB.AZ;Saboneteira Splash - Azul;6,58;0;0;0;0,0
26.PASTA.SOLD.110;Pasta de Solda 110g;7,59;0;0;0;0,0
1.MESA.90.40.BR;Mesa Retrátil Branca;82,36;0;0;0;0,0
48.TUC.P.CR;Suporte Tucano | Pequeno | Cromado;4,22;105;0;105;443,09999999999997
42.ADES.793.200G;Adesivo Instantâneo | 793 | 200g;0,0;0;0;0;0,0
27.LIX.FLAT.2.8.PT.BG;Lixeira Flat 2,8l - Preto com Bege;26,54;0;0;0;0,0
6.DISC.FLAP.50.115;Disco de Lixa Flap - 115mm | Grão 50;2,57;40;0;40;102,8
7.GAN.REF.PT;Gancho de Rede Reforçado | Preto;15,84;0;0;0;0,0
6.TS.BR.150;Trilho p/ Prateleira | Branco | 1,5 Metros;11,2;267;0;267;2990,3999999999996
37.CAD.CLR.25.RS;Cadeado | Segredo | Colors | 25mm | Rosa;11,83;0;0;0;0,0
14.GAN.LV.DO;Gancho de Rede Leve | Dourado;0,0;0;0;0;0,0
24.CAD.TRT.60;Cadeado | Tetra-Chave | 60mm;96,1;0;0;0;0,0
6.ESP.CRUZ.4;Espaçador Piso Cruzeta 4;2,23;0;0;0;0,0
25.MOLA.A530.F2.PR;Mola Aérea A530 Força 2 - Prata ;81,81;0;0;0;0,0
28.WOK.32.MR;Panela Wok 32cm Marrom;87,96;0;0;0;0,0
17.CANHÃO.7;Jogo Chave de Canhão | 7 Peças |;31,64;8;0;8;253,12
6.BROC.SDS.6.110;Broca Concreto SDS Plus | 6.0 x 110mm;2,36;0;0;0;0,0
18.CAD.25.AZ;Cadeado | SM | 25mm | Azul;14,42;0;0;0;0,0
15.BITS.110;Jogo de Bits C/ 10 peças | 110mm;17,24;0;0;0;0,0
27.OVAL.MRC;Escorredor de Talheres Oval | Marrom Claro;7,6;0;0;0;0,0
8.MOLA.HID.PT;Mola Automática 453 - Preto;200,38;9;0;9;1803,42
17.CAD.TETRA.120;Cadeado Para Moto | Chave Tetra | 120 x 24mm;43,84;0;0;0;0,0
27.ESC.TAP.SING.MRC;Escorredor com Tapete | Single | Marrom;25,98;0;0;0;0,0
27.TAP.SING.VM;Tapete de Pia | Single | Vermelho;10,14;0;0;0;0,0
27.ORG.SING.AZ;Organizador Single - Azul;6,36;0;0;0;0,0
5.VEDA.4MM.MR;Veda Fresta 4mm - 6 Metros | Marrom;16,79;2;0;2;33,58
27.LOUÇA.SING.BR;Escorredor de Louça Single - Branco;15,81;0;0;0;0,0
6.CHVL.TRQ.9;Chave Longa Torque | 9 PÇS;15,87;1;0;1;15,87
27.UNO.NT;Pote Clear | Uno | Natural;11,08;0;0;0;0,0
42.BUMP.RED.M.8PC;Bumper Redondo | M | 8 unidades;9,45;0;0;0;0,0
29.TS.PT.200;Trilho Simples para Cantoneira | Preto | 200cm;16,9;0;0;0;0,0
6.DISC.FLAP.120.180;Disco Flap | 180mm | Grão 120;5,7;490;0;490;2793,0
6.FIO.AM.10;Passa Fio | 10m;8,66;0;0;0;0,0
42.FITA.25MM.1M;Fita de Autofusão | 25mm x 1m;13,6;0;0;0;0,0
39.ESC.3PC;Escova de Aço | 03 Peças;1,95;35;0;35;68,25
30.ROD.PIN.PT.GEL;Rodízio SQ91 | HGA (Com Pino) | Preto em Gel;12,24;0;0;0;0,0
25.MOLA.A530.F4.PR;Mola Aérea A530 Força 4 - 85kg Prata;105,98;0;0;0;0,0
26.SOQ.E27.FLEX;Soquete E27 Flexível;20,54;0;0;0;0,0
27.SAB.CZ;Saboneteira Splash - Cinza ;5,7;0;0;0;0,0
6.ESP.NVL.3;Espaçador Nivelador 3;7,82;0;0;0;0,0
18.CAD.20.RS;Cadeado | SM | 20mm | Magenta;12,87;0;0;0;0,0
29.SUP.TS.CZ.25;Suporte Simples 25cm Cinza;3,4;0;0;0;0,0
38.PROT.FELT.33;Protetor Diversos Feltro | 33 Peças;8,8;0;0;0;0,0
32.KIT.VALV;KIT Reparo P/ Valvula Descagar Hydra MAX;25,1;0;0;0;0,0
5.TPOR.MAG.DO;Trava Porta Magnético | Dourado;22,3;0;0;0;0,0
27.SAND.DIS.AM;Sanduba Nutri Disney - Amarelo;6,66;0;0;0;0,0
51.ROD.BOR.SEMT.75;Rodízio Giratório Borracha | 75mm | Sem Trava;11,83;14;0;14;165,62
6.ENGATE.30;Engate Flexível | 30cm;6,91;13;0;13;89,83
37.CAD.AM;Cadeado | Segredo | 25mm | Amarelo;9,79;41;0;41;401,39
15.SUP.TS.BR.35;Suporte P/ Trilho | Branca | 35cm;3,77;507;50;457;1911,39
44.VEDA.P.MR;Veda Fresta | Modelo P | Marrom;14,9;11;0;11;163,9
36.BUCHA.MU.8;Bucha MU 8 | 1 Peça;0,0;1300;0;1300;0,0
1.TS.PT.150;Trilho Simples | Preto | 150cm;17,68;0;0;0;0,0
31.DIS.3P.20A;Disjuntor 3 Polos | 20A;19,81;0;0;0;0,0
2.MOUS.USB.PT;Mouse Emborrachado USB | MO222 | Preto;20,4;0;0;0;0,0
6.FLAP.CON.36.115;Disco de Lixa Flap Cônico 115mm | Grão 36;2,67;485;0;485;1294,95
27.ESC.INX.20P;Escorredor de louça | Inox | 20 Pratos;88,99;0;0;0;0,0
3.SAB.PLA.PT;Saboneteira Plástica | Preto ;0,62;0;0;0;0,0
17.VELC.VM.180.150;Disco de Lixa Vermelho | 180mm | Grão 150;1,11;10;0;10;11,100000000000001
3.BAN.5.PT;Acessórios Para Banheiro | 5 Peças | Preto;11,76;0;0;0;0,0
27.ESC.TAP.SING.VM;Escorredor com Tapete | Single | Vermelho;25,98;21;0;21;545,58
31.DIS.2P.32A;Disjuntor 2 Polos | 32A;15,57;0;0;0;0,0
39.MAO.RET.45;Mão Francesa Retrátil | 45cm;14,857333333333335;0;0;0;0,0
17.SUP.DUP.22.PT;Suporte Duplo | 22cm | Preto;5,86;20;0;20;117,2
1.TD.BR.50;Trilho Duplo | Branco | 50cm;8,66;1;0;1;8,66
4.ROD.BUC.38.BR;Rodízio 38mm C/ Bucha - Branco;2,52;0;0;0;0,0
24.SMRT.LOCK.SL120;Fechadura Digital Smart Lock SL120;291,28;0;0;0;0,0
27.ORG.SING.MRC;Organizador Single - Marrom Claro (WG);5,96;0;0;0;0,0
27.CJ.PAN.6.VAN;Conjunto de panelas | 06 Peças | Vanilla;422,16;0;0;0;0,0
15.TD.BR.200;Trilho Duplo para Cantoneira | Branco | 2,0 Metro;17,28;182;0;182;3144,96
4.DISP.PT;Dispenser de Parede Preto;0,0;0;0;0;0,0
1.SUP.TS.PT.40;Suporte Para Trilho Simples | Preto | 40cm;7,9;0;0;0;0,0
4.ROD.FIX.38.BR;Rodízio 38mm C/ Fixador - Branco;2,76;92;0;92;253,92
17.LONA.6X4;Lona 75G | 6x4 | Azul;68,04;0;0;0;0,0
26.ESGUI.P;Esguicho Para Mangueira Tipo P ;5,17;0;0;0;0,0
21.TRAV.PR;Prendedor de Porta - Aço Prata (Niquelado);13,15;0;0;0;0,0
3.MAL.AID;Maleta de Primeiros Socorros;21,74;0;0;0;0,0
37.CAD.PT;Cadeado | Segredo | 25mm | Preto Fosco;9,79;5;0;5;48,949999999999996
42.TINT.BRF.350ML;Tinta Aerossol | Branco Fosco | 350ml;9,77;6;0;6;58,62
20.ESPA.4;Espátula Curva | Inox | 4;9,7;0;0;0;0,0
10.TRAV.INV;"Batente de Porta | ""Invisível"" | MAX1688 |304";27,0;5;0;5;135,0
37.CAD.RS;Cadeado | Segredo | 25mm | Rosa;9,59;0;0;0;0,0
37.FEC.502.03.INX;Fechadura | 501-502/03 | Inox;27,16;0;0;0;0,0
13.PIS.BR.100;Pistão Fit | Branco | 100N;2,35;114;0;114;267,90000000000003
19.BITS.5;Bits/Ponteira | CRV | 5 Peças;6,56;0;0;0;0,0
27.OVAL.PT;Escorredor de Talheres Oval | Preto;7,6;0;0;0;0,0
24.CAD.TWIN.CZ;Cadeado Twinpack | Cinza ;44,77;0;0;0;0,0
15.GRAMP.C.2;"Grampo Tipo C Para Marceneiro | 2""";6,1;0;0;0;0,0
5.NUM.2.ESC;Número Residêncial | Escovado | 2;7,36;1;0;1;7,36
51.ROD.PIN.PT;Roda de Nylon 50mm ;3,24;30;0;30;97,2
13.ROD.SEMT.75;Rodizio Transparente | Sem Trava | 75mm;7,82;73;0;73;570,86
13.TRAV.PARED;Prende Porta | De parede;2,75;576;0;576;1584,0
20.FACA.MESA;Faca de Churrasco | Continental;2,23;0;0;0;0,0
31.DIS.3P.10A;Disjuntor 3 Polos | 10A;19,81;5;0;5;99,05
6.DISC.VELC.120.125;Disco de Lixa Velcro - 125mm | Grão 120;0,34;700;0;700;238,00000000000003
5.NUM.3.ESC;Número Residêncial | Escovado | 3;7,36;5;0;5;36,800000000000004
42.TOALH.MAG.43CM;Toalha Mágica | 640 x 430mm;16,95;158;0;158;2678,1
15.TS.PT.150;Trilho Simples | Preto | 150cm;6,5;51;0;51;331,5
27.DISP.SING.CZC;Dispenser Single - Cinza Claro;6,49;0;0;0;0,0
1.TD.PT.100;Trilho Duplo | Preto | 100cm;13,55;0;0;0;0,0
42.SILIC.SPRAY.300ML;Silicone Spray | Tekspray | 300ml;11,17;0;0;0;0,0
27.LOUÇA.SING.PT;Escorredor de Louça Single - Preto;15,81;0;0;0;0,0
25.AMPO.1L;Ampola de Vidro | Safira | 1 litro;33,37;0;0;0;0,0
27.KIT.10POT;Kit 10 Peças | Pote Hermético ;119,51;3;0;3;358,53000000000003
17.MOLA.OU;Mola Aérea | Ouro;34,5;2;0;2;69,0
1.TD.PT.150;Trilho Duplo | Preto | 150cm;20,55;0;0;0;0,0
27.LIX.FLAT.2.8.MRC;Lixeira Flat 2,8l - Marrom Claro (WG);27,4;4;0;4;109,6
5.TRAV.BOR.LA;Trava Porta De Borracha | Laranja;7,65;0;0;0;0,0
4.CAB.AD.ELE;Cabide Elefante;2,2;0;0;0;0,0
17.VELC.BR.125.150;Disco de Lixa Pluma | Branco | Grão  150;0,68;100;100;0;68,0
17.CORT.VID.6;Cortador de Vidro C/AZ #6;0,0;0;0;0;0,0
31.PILHA.AAA.900;Pilha Recarregável Roxa | AAA (Palito) | 900 mAh;14,33;0;0;0;0,0
37.FEC.502.33.INX;Fechadura | 501-502/33 | Inox;30,8;0;0;0;0,0
33.TRAV.CPM.CR;Prendedor de Porta | CPM | Cromado;17,1;0;0;0;0,0
6.TS.BR.100;Trilho p/ Prateleira | Branco | 1 Metro;7,46;935;170;765;6975,1
17.SACA.3;Saca Polia Manual 3 Pontas 3 Polegadas 75mm;19,62;0;0;0;0,0
26.BALANC.TS.QUAD;Balança de Banheiro | Transparente Quadrada 180kg;31,35;0;0;0;0,0
27.COL.FLEX;Colher Flexível - Vanilla;15,64;0;0;0;0,0
46.CHV.COMB.12;Chave Combinada | 12 Peças;0,0;0;0;0;0,0
17.ALMO.425G;Almotolia - 425g;18,4;0;0;0;0,0
10.BARRA.INX;Barra de Inox | Cabideiro;36,0;0;0;0;0,0
25.FECH.SOB.PT;Fechadura Sobrepor | Preta;24,9;0;0;0;0,0
26.FER.SOLD.60.220;Ferro de Solda 60w 220V;17,95;0;0;0;0,0
42.ESP.EXP.320G;ESPUMA EXPANSIVA DE PU 320G/500ML;6,45;0;0;0;0,0
42.GOTA.M.15PC;Bumper Gota | M | 15 Peças;8,07;0;0;0;0,0
27.DISP.SING.AZ;Dispenser Single - Azul;8,58;0;0;0;0,0
4.CAB.COR.AZ;Cabide Coração Azul;1,86;0;0;0;0,0
5.ROLIN.100.CZ;Veda | Rolinho | 100cm | Cinza;0,0;0;0;0;0,0
4.COL.INF.PLA.LA;Colher Infantil Plástico - Laranja;0,38;0;0;0;0,0
42.FITA.DEMARC.AM;Fita de Demarcação | 48 x 15m | Amarelo;10,73;0;0;0;0,0
4.ROD.FIX.38.CZ;Rodízio 38mm C/ Fixador - Cinza;2,76;91;0;91;251,15999999999997
47.DISP.TRI.650.VM;Dispenser Trium | 650ml | Vermelho;16,18;0;0;0;0,0
1.PRAT.30.60.PT;Prateleira MDP 30x60 - Preto;12,62;0;0;0;0,0
3.LIX.CLK.POAVM.9;Lixeira | Click Label | Inox;0,0;0;0;0;0,0
42.COLA.2.8KG;Cola de contato | 2,8kg;51,68;38;0;38;1963,84
31.PILHA.AAA.ALCA;Pilha | Alcalina | AAA (Palito) | Comum;4,1;0;0;0;0,0
42.ADES.793.100G;Adesivo Instantâneo | 793 | 100g;17,99;5472;3420;2052;98441,27999999998
6.DISC.VELC.320.125;Disco de Lixa Velcro - 125mm | Grão 320;0,36;2350;0;2350;846,0
42.ADES.200.100G;Adesivo Instantâneo | 200 | 100g;17,99;1552;195;1357;27920,479999999996
15.SUP.TS.BR.30;Suporte P/ Trilho | Branca | 30cm;3,71;0;0;0;0,0
5.TPOR.MAG.CR;Trava Porta Magnético | Cromado;22,3;1;0;1;22,3
26.CHV.MAND;Chave Para Mandril 13mm  (1/2);2,72;0;0;0;0,0
31.CARR.USB;Carregador de Pilhas USB ;52,38;0;0;0;0,0
4.PCOND.PT;Açucareiro Prático | Preto;6,03;0;0;0;0,0
11.REB.4;Rebite 4mm | Cento;0,0;0;0;0;0,0
8.DOBR.4.BR;Dobradiça Vai e Vem | 4 Polegadas | Branca;40,21;0;0;0;0,0
5.NUM.4.ESC;Número Residêncial | Escovado | 4;7,36;0;0;0;0,0
36.BUCHA.MU.10;Bucha MU 10 | 1 Peça;0,10828;0;0;0;0,0
42.FITA.24.50;Fita Crepe | 24 x 50m;3,97;0;0;0;0,0
32.PLUG.LAT;Plug latão S/CR Canopla Rosca 1/2;17,53;0;0;0;0,0
42.GAN.BR.P;Gancho Ambar Branco | P ;9,07;0;0;0;0,0
5.TPOR.MAG.RS;Trava Porta Magnético | Rose Gold;19,84;17;0;17;337,28
6.FLAP.CON.100.115;Disco de Lixa Flap Cônico 115mm | Grão 100;2,67;60;40;20;160,2
1.TD.BR.200;Trilho Duplo | Branco | 200cm;24,75;0;0;0;0,0
42.COLA.QUENT.500G;COLA QUENTE BASTAO FINA TRANSLUCIDA 500G;16,75;15;0;15;251,25
17.DOB.3.PT;Dobradiça Vai-vem | 3 Pol. | Preta;11,255;7;0;7;78,78500000000001
42.BUMP.QUAD.M.12PC;Bumper Quadrado | M | 12 Peças;9,58;0;0;0;0,0
6.BOIA.25A;Boia Elétrica 25A;17,32;0;0;0;0,0
25.SUP.MOLA.A530.PR;Suporte Mola Aérea A530 P/ Vidro - Prata;30,81;0;0;0;0,0
27.DISP.FLAT.500.PT;Dispenser Flat 500ml - Preto;16,92;0;0;0;0,0
48.TUC.M.CR;Suporte Tucano | Médio | Cromado;5,5;0;0;0;0,0
47.DISP.FEC.650.CZ;Dispenser Fechado | 650ml | Chumbo;15,57;0;0;0;0,0
21.GAN.DO;Gancho Armador - Dourado (Oxidado);42,31;0;0;0;0,0
4.SAB.TAR.RS;Saboneteira Tartaruga Rosa;0,0;0;0;0;0,0
47.ORG.37X10X13;Organizador Clear | 37x10x13cm | NT;0,0;0;0;0;0,0
4.SAB.TAR.CRT;Saboneteira Tartaruga Cristal;0,0;0;0;0;0,0
30.ROD.SQ90.CAPA;SQ90 HGA PRETO C/CAPA;4,36;0;0;0;0,0
37.CAD.SEG.40.PT;Cadeado | Segredo | 40mm | Preto Fosco;19,75;0;0;0;0,0
13.TRAV.INX.MAG;Prende Porta | Magnético;8,88;495;0;495;4395,6
3.CX.RAT.BR.15;Caixa Organizadora Branca 15 Litros;0,0;0;0;0;0,0
21.DOB.100KG;Dobradiça Pivotante 885 - 100kg Aço;33,92;0;0;0;0,0
30.ROD.GAME.LA;Rodízio Gamer | SQ55 | HGA | Laranja;9,05;42;0;42;380,1
5.NUM.6.ESC;Número Residêncial | Escovado | 6;7,36;4;0;4;29,44
38.TRAV.CHAVE;Parador Chave Porta | Silicone;5,45;0;0;0;0,0
16.BUCHA.C.10;Bucha Comum | 10mm;0,0272;500;0;500;13,6
6.BROC.SDS.10.160;Broca Concreto SDS Plus | 10.0 x 160mm;3,32;0;0;0;0,0
42.DUPLA.INT.19MM.20M;Fita Dupla Face |Interna | 19mm x 20m;46,84;0;0;0;0,0
5.GAN.INX.RED;Gancho de Metal | Inox | Redondo;13,79;0;0;0;0,0
27.DUO.BR;Pote Clear | Duo | Branco;19,94;0;0;0;0,0
17.TS.PT.100;Trilho Simples | 100cm | Preto;10,99;0;0;0;0,0
20.GARF.SOB;Garfo de Sobremesa | Continental;1,67;0;0;0;0,0
27.LOUÇA.BASIC.BR;Escorredor de Louça Basic Branco;27,98;0;0;0;0,0
3.CX.RAT.BR.7;Caixa Organizadora Branca 7 Litros;0,0;0;0;0;0,0
6.ESTIL.PROF.25;Estilete Profissional 25mm C/ 1 Lâmina;6,35;70;0;70;444,5
27.FAQ.ITAP.PT;Faqueiro 20 Peças | Itaparica | Preto;24,9;0;0;0;0,0
27.LOUÇA.BASIC.PT;Escorredor de Louça Basic Preto;27,98;0;0;0;0,0
6.DISC.FLAP.60.180;Disco Flap | 180mm | Grão 60;6,16;20;0;20;123,2
31.PILHA.AAA.1000;Pilha Recarregável Roxa | AAA (Palito) | 1000mAh;15,16;0;0;0;0,0
13.PIS.BR.60;Pistão Fit | Branco | 60N;2,69;658;0;658;1770,02
48.TUC.M.PT;Suporte Tucano | Médio | Preto;5,5;4;0;4;22,0
24.CAD.CRO.30;Cadeado | Cromado | 30mm;14,43;0;0;0;0,0
16.BUCHA.C.8;Bucha Comum | 8mm;0,015880000000000002;200;0;200;3,176
24.FEC.ART801;Fechadura de Embutir | ART801;13,38;0;0;0;0,0
6.GRAM.PRO;Grampeador | PRO | 3 em 1 | 14mm;22,41;10;0;10;224,1
35.ROD.LA.COMT;Rodízio Laranja | RP50 C/ Trava;11,75;308;0;308;3619,0
27.MARM.LR;Marmita Hermética Nutri | Laranja;15,98;4;0;4;63,92
4.ROD.BUC.30.CZ;Rodízio 30mm C/ Bucha - Cinza;1,91;0;0;0;0,0
4.ABRI.RS;Abridor de Pote de Conserva | Rosa;2,09;0;0;0;0,0
16.BUCHA.PER.6;Bucha Perfix | 6mm;0,02536;0;0;0;0,0
36.BUCHA.SFU.6;Bucha SFU 6 | 1000 Peças;0,02114;0;0;0;0,0
13.ROD.COMT.100;Rodizio Transparente | Com Trava | 100mm;16,01;237;0;237;3794,3700000000003
6.SACA.6;"Saca Polia | 3 Garras | 6""";25,5;20;0;20;510,0
17.GRAMP.C.6;"Grampo tipo C | 6"" ";25,39;6;0;6;152,34
17.LONA.12X10;Lona 75G | 12x10 | Azul;340,48;0;0;0;0,0
8.MOLAP.CZ;Mola Triunfo 454 - Cinza;37,07;70;14;56;2594,9
4.ROD.FIX.38.PT;Rodízio 38mm C/ Fixador - Preto ;2,76;36;0;36;99,35999999999999
35.ROD.GEL.CR;Rodízio | Duplo Gel Cromado |;8,7;0;0;0;0,0
10.FECH.22MM;Fechadura para Gaveta | 22mm;2,43;227;0;227;551,61
27.ESC.TAP.SING.BR;Escorredor com Tapete | Single | Branco;25,98;0;0;0;0,0
15.KIT.LAVA.BR;KIT Banheiro Lavabo | Branco;12,86;24;0;24;308,64
19.DESENT.BOMB;Desentupidor Manual | Tipo Bomba;45,24;0;0;0;0,0
1.SUP.TV.FIX.32A65;"Suporte para TV | Fixo | 32"" a 65""";29,9;0;0;0;0,0
5.NUM.8.ESC;Número Residêncial | Escovado | 8;7,36;1;0;1;7,36
17.VELC.VM.150.80;Disco de Lixa Vermelho | 150mm | Grão 80;0,8;10;0;10;8,0
27.FAQ.ITAP.VM;Faqueiro 20 Peças | Itaparica | Vermelho;24,9;9;0;9;224,1
6.TEMP.60;Temporizador Digital Bivolt | 60Hz;39,85;5;0;5;199,25
37.CAD.SEG.40.DO;Cadeado | Segredo | 40mm | Zamac;16,99;0;0;0;0,0
42.GOTA.G.10PC;Bumper Gota | G | 10 Peças;7,68;0;0;0;0,0
24.CAD.50.PT;Cadeado de Aço Lâminado | 50mm | Preto;58,92;0;0;0;0,0
27.ESC.SING.AM;Escorredor de Louças | Single | Amarelo;15,81;0;0;0;0,0
21.TRAV.DO;Prendedor de Porta - Aço Dourado (Oxidado );10,78;0;0;0;0,0
31.DIS.2P.10A;Disjuntor 2 Polos | 10A;0,0;0;0;0;0,0
4.ROD.FIX.30.BR;Rodízio 30mm C/ Fixador - Branco;2,32;0;0;0;0,0
6.GRA.TAP.8;Grampo para Grampeador | 8mm;1,64;0;0;0;0,0
4.COL.INF.PLA.AZ;Colher Infantil Plástico - Azul;0,38;0;0;0;0,0
6.SACA.10;"Saca Polia | 3 Garras | 10""";58,05;0;0;0;0,0
42.GOTA.P.25PC;Bumper Gota | P | 25 Peças;5,42;0;0;0;0,0
